flights,travelers,international,destination
288,74537,['0'],NYC,BOS,2016-09
356,72265,['0'],CHI,BOS,2016-09
136,59506,['0'],WAS,BOS,2016-09
357,56885,['0'],SFO,BOS,2016-09
539,46519,['0'],LAX,BOS,2016-09
352,36344,['0'],ATL,BOS,2016-09
321,33960,['0'],DFW,BOS,2016-09
272,32206,['0'],BWI,BOS,2016-09
94,31255,['0'],PHL,BOS,2016-09
189,30618,['1'],LON,BOS,2016-09
319,30150,['0'],ORL,BOS,2016-09
208,29094,['0'],FLL,BOS,2016-09
202,28916,['0'],DEN,BOS,2016-09
491,24259,['0'],SEA,BOS,2016-09
405,23090,['0'],MSP,BOS,2016-09
91,21994,['1'],YTO,BOS,2016-09
153,20827,['0'],DTT,BOS,2016-09
92,20729,['0'],CLT,BOS,2016-09
789,20441,['0'],LAS,BOS,2016-09
242,20429,['0'],HOU,BOS,2016-09
324,20164,['0'],TPA,BOS,2016-09
217,18907,['0'],RDU,BOS,2016-09
60,17586,['0'],MIA,BOS,2016-09
793,16759,['0'],SAN,BOS,2016-09
697,16364,['0'],PHX,BOS,2016-09
313,16299,['0'],FMY,BOS,2016-09
178,15693,['0'],BNA,BOS,2016-09
139,15085,['0'],PIT,BOS,2016-09
138,13282,['0'],RIC,BOS,2016-09
170,13280,['0'],PBI,BOS,2016-09
575,12881,['0'],AUS,BOS,2016-09
166,11742,['0'],BUF,BOS,2016-09
651,11554,['0'],PDX,BOS,2016-09
110,11250,['1'],DUB,BOS,2016-09
210,11074,['0'],CLE,BOS,2016-09
322,10165,['0'],STL,BOS,2016-09
209,10112,['1'],SJU,BOS,2016-09
320,10050,['0'],CMH,BOS,2016-09
271,9899,['0'],IND,BOS,2016-09
251,9470,['0'],MKE,BOS,2016-09
417,9269,['0'],MSY,BOS,2016-09
700,9103,['1'],PAR,BOS,2016-09
66,8992,['1'],REK,BOS,2016-09
383,8315,['0'],SLC,BOS,2016-09
411,8182,['0'],MKC,BOS,2016-09
260,7816,['0'],CHS,BOS,2016-09
340,7570,['0'],JAX,BOS,2016-09
108,7113,['1'],DXB,BOS,2016-09
359,6048,['0'],CVG,BOS,2016-09
228,5826,['1'],BJS,BOS,2016-09
533,187791,['0'],NYC,CHI,2016-09
504,94745,['0'],LAX,CHI,2016-09
413,80018,['0'],ATL,CHI,2016-09
351,78959,['0'],DFW,CHI,2016-09
117,75551,['0'],WAS,CHI,2016-09
342,75363,['0'],BOS,CHI,2016-09
329,73573,['0'],SFO,CHI,2016-09
501,70693,['0'],ORL,CHI,2016-09
378,69895,['0'],DEN,CHI,2016-09
409,68610,['0'],LAS,CHI,2016-09
441,66609,['0'],MSP,CHI,2016-09
297,62921,['0'],PHX,CHI,2016-09
194,58062,['0'],PHL,CHI,2016-09
231,50513,['0'],HOU,CHI,2016-09
308,42098,['0'],SEA,CHI,2016-09
329,37774,['0'],BWI,CHI,2016-09
222,35803,['0'],TPA,CHI,2016-09
273,31439,['0'],SAN,CHI,2016-09
226,30405,['0'],MIA,CHI,2016-09
216,29843,['0'],DTT,CHI,2016-09
98,28780,['0'],MKC,CHI,2016-09
172,27519,['1'],YTO,CHI,2016-09
175,26785,['0'],BNA,CHI,2016-09
211,26713,['0'],AUS,CHI,2016-09
185,26299,['0'],RDU,CHI,2016-09
208,26187,['0'],FLL,CHI,2016-09
167,26080,['0'],CLT,CHI,2016-09
339,25868,['0'],PDX,CHI,2016-09
87,25021,['0'],STL,CHI,2016-09
154,21414,['0'],CLE,CHI,2016-09
231,21091,['0'],MSY,CHI,2016-09
89,20759,['0'],CMH,CHI,2016-09
176,19512,['0'],PIT,CHI,2016-09
329,18965,['0'],SLC,CHI,2016-09
100,17567,['0'],SNA,CHI,2016-09
281,16705,['1'],LON,CHI,2016-09
101,14120,['0'],HFD,CHI,2016-09
77,12958,['0'],OMA,CHI,2016-09
121,12654,['0'],OAK,CHI,2016-09
355,12404,['1'],MEX,CHI,2016-09
141,11784,['0'],SAT,CHI,2016-09
309,11680,['1'],SJU,CHI,2016-09
193,10752,['0'],SJC,CHI,2016-09
77,10340,['0'],BUF,CHI,2016-09
246,9896,['0'],FMY,CHI,2016-09
200,9798,['1'],CUN,CHI,2016-09
61,9767,['0'],CHS,CHI,2016-09
136,9625,['1'],GDL,CHI,2016-09
251,9429,['0'],SAC,CHI,2016-09
611,9427,['1'],SHA,CHI,2016-09
384,115789,['0'],NYC,ATL,2016-09
457,79055,['0'],CHI,ATL,2016-09
261,60306,['0'],DFW,ATL,2016-09
318,59478,['0'],WAS,ATL,2016-09
195,51347,['0'],FLL,ATL,2016-09
501,44182,['0'],LAX,ATL,2016-09
487,43596,['0'],PHL,ATL,2016-09
276,40323,['0'],ORL,ATL,2016-09
418,38086,['0'],HOU,ATL,2016-09
268,37158,['0'],BOS,ATL,2016-09
224,34686,['0'],BWI,ATL,2016-09
342,34517,['0'],LAS,ATL,2016-09
388,32821,['0'],DEN,ATL,2016-09
156,32766,['0'],MIA,ATL,2016-09
156,31467,['0'],DTT,ATL,2016-09
178,30597,['0'],TPA,ATL,2016-09
218,25867,['0'],SFO,ATL,2016-09
169,23412,['0'],MSP,ATL,2016-09
372,22076,['0'],PHX,ATL,2016-09
107,17931,['0'],SEA,ATL,2016-09
166,17872,['0'],MSY,ATL,2016-09
166,16480,['0'],STL,ATL,2016-09
179,16181,['0'],RDU,ATL,2016-09
206,15423,['0'],MKC,ATL,2016-09
165,15003,['0'],IND,ATL,2016-09
169,14609,['0'],AUS,ATL,2016-09
186,14407,['0'],CLE,ATL,2016-09
193,14103,['0'],PIT,ATL,2016-09
190,13280,['0'],MKE,ATL,2016-09
81,12950,['0'],JAX,ATL,2016-09
66,12900,['0'],CLT,ATL,2016-09
68,12576,['0'],PBI,ATL,2016-09
71,12056,['0'],RIC,ATL,2016-09
198,11841,['0'],SAT,ATL,2016-09
233,11822,['0'],SAN,ATL,2016-09
78,11156,['0'],CMH,ATL,2016-09
86,10939,['0'],HFD,ATL,2016-09
91,10084,['0'],SLC,ATL,2016-09
78,8588,['0'],CVG,ATL,2016-09
184,8194,['1'],LON,ATL,2016-09
455,8137,['0'],PDX,ATL,2016-09
66,8092,['0'],CAK,ATL,2016-09
66,7767,['0'],FMY,ATL,2016-09
24,6816,['0'],BNA,ATL,2016-09
66,6785,['0'],MEM,ATL,2016-09
49,6660,['0'],ORF,ATL,2016-09
37,6620,['1'],SJU,ATL,2016-09
77,6615,['0'],GSP,ATL,2016-09
23,6555,['0'],CHS,ATL,2016-09
283,6524,['0'],SNA,ATL,2016-09
387,113441,['0'],NYC,MIA,2016-09
156,33532,['0'],ATL,MIA,2016-09
485,30683,['1'],BUE,MIA,2016-09
235,29509,['0'],CHI,MIA,2016-09
40,28651,['0'],LAX,MIA,2016-09
76,23304,['0'],WAS,MIA,2016-09
175,21990,['1'],MEX,MIA,2016-09
81,21266,['1'],CCS,MIA,2016-09
38,20643,['0'],DFW,MIA,2016-09
25,18190,['0'],BOS,MIA,2016-09
79,17460,['0'],PHL,MIA,2016-09
186,15199,['1'],SAO,MIA,2016-09
272,14579,['1'],BOG,MIA,2016-09
229,14001,['1'],LON,MIA,2016-09
129,13612,['0'],LAS,MIA,2016-09
80,13361,['0'],HOU,MIA,2016-09
162,12578,['0'],SFO,MIA,2016-09
68,12427,['0'],ORL,MIA,2016-09
12,12029,['1'],SJU,MIA,2016-09
106,12014,['0'],DEN,MIA,2016-09
66,11094,['1'],CUN,MIA,2016-09
117,10292,['0'],DTT,MIA,2016-09
173,9318,['1'],LIM,MIA,2016-09
11,8749,['0'],TPA,MIA,2016-09
130,8022,['0'],MSP,MIA,2016-09
66,8013,['1'],NAS,MIA,2016-09
25,7923,['0'],BWI,MIA,2016-09
66,7872,['1'],PTY,MIA,2016-09
229,7097,['1'],SCL,MIA,2016-09
49,7004,['0'],RDU,MIA,2016-09
193,6995,['1'],MAD,MIA,2016-09
66,6409,['1'],GCM,MIA,2016-09
24,6320,['0'],CLT,MIA,2016-09
277,5735,['1'],AUA,MIA,2016-09
113,5719,['1'],YTO,MIA,2016-09
229,5573,['1'],MDE,MIA,2016-09
11,5485,['1'],SDQ,MIA,2016-09
150,5353,['1'],PAP,MIA,2016-09
49,5334,['1'],IST,MIA,2016-09
78,5176,['0'],MSY,MIA,2016-09
322,5038,['1'],PAR,MIA,2016-09
11,4905,['1'],BLA,MIA,2016-09
66,4827,['1'],MGA,MIA,2016-09
384,4690,['0'],SEA,MIA,2016-09
115,4638,['1'],CLO,MIA,2016-09
140,4460,['1'],UIO,MIA,2016-09
50,4424,['1'],GYE,MIA,2016-09
170,4420,['0'],SAN,MIA,2016-09
157,4297,['0'],PHX,MIA,2016-09
262,4263,['1'],RIO,MIA,2016-09
551,147963,['0'],NYC,SFO,2016-09
445,101756,['0'],LAX,SFO,2016-09
311,73755,['0'],CHI,SFO,2016-09
480,71072,['0'],LAS,SFO,2016-09
276,55949,['0'],SEA,SFO,2016-09
328,53043,['0'],BOS,SFO,2016-09
286,50724,['0'],WAS,SFO,2016-09
159,50530,['0'],SAN,SFO,2016-09
296,46481,['0'],DEN,SFO,2016-09
251,36297,['0'],DFW,SFO,2016-09
226,31373,['1'],LON,SFO,2016-09
320,30670,['0'],PHX,SFO,2016-09
83,30532,['0'],SNA,SFO,2016-09
168,30074,['0'],PDX,SFO,2016-09
218,27255,['0'],ATL,SFO,2016-09
356,24308,['0'],MSP,SFO,2016-09
248,22875,['0'],PHL,SFO,2016-09
263,22773,['0'],HOU,SFO,2016-09
153,20495,['1'],YVR,SFO,2016-09
175,19172,['0'],HNL,SFO,2016-09
270,17968,['1'],YTO,SFO,2016-09
355,16849,['0'],AUS,SFO,2016-09
791,16825,['0'],ORL,SFO,2016-09
244,16756,['0'],DTT,SFO,2016-09
198,15319,['1'],TPE,SFO,2016-09
459,15095,['1'],PAR,SFO,2016-09
451,14496,['1'],HKG,SFO,2016-09
79,14420,['0'],BUR,SFO,2016-09
285,14372,['0'],FLL,SFO,2016-09
1001,13737,['1'],SHA,SFO,2016-09
182,13452,['0'],SLC,SFO,2016-09
507,12949,['1'],SEL,SFO,2016-09
150,12588,['0'],OGG,SFO,2016-09
266,12291,['0'],MIA,SFO,2016-09
372,11375,['0'],STL,SFO,2016-09
228,10729,['0'],CLT,SFO,2016-09
12,10397,['0'],LGB,SFO,2016-09
711,10101,['0'],RDU,SFO,2016-09
644,9026,['0'],BWI,SFO,2016-09
360,8892,['1'],FRA,SFO,2016-09
472,8536,['0'],CLE,SFO,2016-09
323,8176,['0'],MKE,SFO,2016-09
271,7979,['1'],MNL,SFO,2016-09
408,7839,['0'],PIT,SFO,2016-09
217,7474,['1'],TYO,SFO,2016-09
163,7148,['1'],MEX,SFO,2016-09
363,6998,['0'],MSY,SFO,2016-09
441,6910,['0'],IND,SFO,2016-09
23,6805,['0'],ONT,SFO,2016-09
470,6793,['1'],DUB,SFO,2016-09
232,187532,['1'],DUB,LON,2016-09
654,172662,['1'],NYC,LON,2016-09
384,163846,['1'],AMS,LON,2016-09
591,140868,['1'],BCN,LON,2016-09
232,129654,['0'],EDI,LON,2016-09
161,114120,['1'],MIL,LON,2016-09
202,109173,['1'],PAR,LON,2016-09
314,107983,['1'],MAD,LON,2016-09
429,101715,['1'],ROM,LON,2016-09
198,96003,['1'],CPH,LON,2016-09
260,95708,['0'],GLA,LON,2016-09
775,92594,['1'],AGP,LON,2016-09
472,87752,['1'],DXB,LON,2016-09
180,84133,['1'],BER,LON,2016-09
167,82367,['0'],BFS,LON,2016-09
147,76705,['1'],FRA,LON,2016-09
159,74360,['1'],GVA,LON,2016-09
781,67019,['1'],FAO,LON,2016-09
213,65131,['1'],ZRH,LON,2016-09
161,64974,['1'],STO,LON,2016-09
534,64787,['1'],ALC,LON,2016-09
1032,63117,['1'],PMI,LON,2016-09
99,60748,['1'],MUC,LON,2016-09
241,58297,['1'],LIS,LON,2016-09
101,57406,['1'],BUD,LON,2016-09
339,56669,['1'],VCE,LON,2016-09
168,52925,['1'],NCE,LON,2016-09
192,50554,['1'],IST,LON,2016-09
1113,47949,['1'],TCI,LON,2016-09
1143,46404,['1'],IBZ,LON,2016-09
167,44843,['1'],PRG,LON,2016-09
93,43075,['1'],ATH,LON,2016-09
101,42409,['1'],OSL,LON,2016-09
218,42235,['1'],YTO,LON,2016-09
190,41667,['1'],VIE,LON,2016-09
157,39827,['1'],BUH,LON,2016-09
501,39029,['1'],TLV,LON,2016-09
89,36685,['1'],WAW,LON,2016-09
300,35722,['1'],HKG,LON,2016-09
467,35354,['1'],LAX,LON,2016-09
100,34445,['1'],PSA,LON,2016-09
178,33833,['1'],DUS,LON,2016-09
1029,33467,['1'],ACE,LON,2016-09
530,33455,['1'],NAP,LON,2016-09
198,33325,['1'],HAM,LON,2016-09
596,32717,['1'],MAH,LON,2016-09
926,32400,['1'],DLM,LON,2016-09
193,32108,['1'],SFO,LON,2016-09
552,31730,['1'],PFO,LON,2016-09
183,31405,['1'],BOS,LON,2016-09
138,129392,['0'],TLS,PAR,2016-09
149,111846,['0'],NCE,PAR,2016-09
206,108088,['1'],LON,PAR,2016-09
238,103237,['1'],BCN,PAR,2016-09
247,85163,['1'],MIL,PAR,2016-09
151,83115,['1'],ROM,PAR,2016-09
454,80376,['1'],MAD,PAR,2016-09
674,75430,['1'],NYC,PAR,2016-09
353,72280,['1'],LIS,PAR,2016-09
357,60643,['1'],ALG,PAR,2016-09
24,56992,['0'],MRS,PAR,2016-09
24,52118,['0'],BOD,PAR,2016-09
306,51453,['1'],OPO,PAR,2016-09
355,48016,['1'],VCE,PAR,2016-09
136,46669,['1'],AMS,PAR,2016-09
103,41244,['1'],BER,PAR,2016-09
294,37275,['1'],IST,PAR,2016-09
336,36546,['1'],TUN,PAR,2016-09
291,35623,['1'],CPH,PAR,2016-09
192,34933,['1'],YMQ,PAR,2016-09
24,34862,['1'],GVA,PAR,2016-09
290,34468,['1'],DUB,PAR,2016-09
348,31834,['1'],TLV,PAR,2016-09
88,31717,['1'],MUC,PAR,2016-09
70,30659,['1'],FRA,PAR,2016-09
264,27969,['1'],AGP,PAR,2016-09
306,27884,['1'],VIE,PAR,2016-09
262,26824,['1'],ATH,PAR,2016-09
227,26668,['1'],RAK,PAR,2016-09
117,25957,['1'],RUN,PAR,2016-09
283,24790,['1'],PRG,PAR,2016-09
215,23952,['1'],CAS,PAR,2016-09
158,23920,['1'],STO,PAR,2016-09
115,23798,['1'],MOW,PAR,2016-09
23,23053,['0'],MPL,PAR,2016-09
68,21846,['1'],ZRH,PAR,2016-09
157,21757,['1'],DJE,PAR,2016-09
88,21206,['1'],VLC,PAR,2016-09
106,20599,['1'],DXB,PAR,2016-09
76,20596,['0'],BIQ,PAR,2016-09
135,20250,['1'],SVQ,PAR,2016-09
351,19449,['0'],AJA,PAR,2016-09
253,19283,['1'],NAP,PAR,2016-09
245,19278,['1'],BUD,PAR,2016-09
161,18646,['1'],MAN,PAR,2016-09
220,18541,['1'],PTP,PAR,2016-09
306,17387,['1'],FDF,PAR,2016-09
161,16546,['1'],HAM,PAR,2016-09
149,16010,['1'],ORN,PAR,2016-09
101,15811,['1'],WAW,PAR,2016-09
299,63157,['0'],NYC,BOS,2015-09
387,55075,['0'],WAS,BOS,2015-09
994,46492,['0'],CHI,BOS,2015-09
1182,45764,['0'],SFO,BOS,2015-09
1657,39650,['0'],LAX,BOS,2015-09
599,32182,['0'],ATL,BOS,2015-09
920,31407,['0'],ORL,BOS,2015-09
203,29994,['0'],BWI,BOS,2015-09
499,26096,['0'],FLL,BOS,2015-09
961,22474,['1'],LON,BOS,2015-09
630,21350,['0'],DFW,BOS,2015-09
651,19538,['0'],DEN,BOS,2015-09
176,18367,['0'],PHL,BOS,2015-09
270,17832,['0'],CLT,BOS,2015-09
1028,16824,['0'],TPA,BOS,2015-09
614,16083,['0'],MSP,BOS,2015-09
1618,15918,['0'],LAS,BOS,2015-09
401,15117,['0'],RDU,BOS,2015-09
165,15079,['1'],YTO,BOS,2015-09
534,14992,['0'],FMY,BOS,2015-09
347,13528,['0'],PBI,BOS,2015-09
862,13528,['0'],SEA,BOS,2015-09
375,13338,['0'],MIA,BOS,2015-09
161,12968,['0'],PIT,BOS,2015-09
1032,12966,['0'],SAN,BOS,2015-09
722,12457,['0'],HOU,BOS,2015-09
684,11915,['0'],PHX,BOS,2015-09
635,10999,['1'],DUB,BOS,2015-09
222,10990,['0'],DTT,BOS,2015-09
209,9525,['0'],BUF,BOS,2015-09
1018,8713,['1'],PAR,BOS,2015-09
357,7606,['1'],SJU,BOS,2015-09
852,7468,['0'],AUS,BOS,2015-09
229,7311,['0'],RIC,BOS,2015-09
521,6921,['0'],STL,BOS,2015-09
541,6643,['0'],MKE,BOS,2015-09
539,6493,['0'],MSY,BOS,2015-09
254,6176,['0'],CVG,BOS,2015-09
857,6174,['0'],PDX,BOS,2015-09
787,6114,['0'],JAX,BOS,2015-09
77,6011,['1'],REK,BOS,2015-09
421,5839,['1'],AMS,BOS,2015-09
421,5734,['0'],MKC,BOS,2015-09
479,5600,['1'],BJS,BOS,2015-09
415,5482,['1'],DXB,BOS,2015-09
334,5460,['0'],IND,BOS,2015-09
538,5428,['0'],SLC,BOS,2015-09
1029,5312,['1'],SHA,BOS,2015-09
99,5259,['0'],LGB,BOS,2015-09
841,5160,['1'],TYO,BOS,2015-09
1212,140202,['0'],NYC,CHI,2015-09
1791,61356,['0'],LAX,CHI,2015-09
819,55769,['0'],WAS,CHI,2015-09
1252,54086,['0'],LAS,CHI,2015-09
892,51430,['0'],ORL,CHI,2015-09
1145,50591,['0'],ATL,CHI,2015-09
830,47158,['0'],MSP,CHI,2015-09
927,47068,['0'],BOS,CHI,2015-09
808,45860,['0'],DFW,CHI,2015-09
1140,45384,['0'],DEN,CHI,2015-09
1212,43431,['0'],PHX,CHI,2015-09
1439,43366,['0'],SFO,CHI,2015-09
767,40642,['0'],PHL,CHI,2015-09
818,34388,['0'],HOU,CHI,2015-09
599,28903,['0'],TPA,CHI,2015-09
624,28797,['0'],FLL,CHI,2015-09
647,27046,['0'],BWI,CHI,2015-09
327,25592,['0'],MKC,CHI,2015-09
1228,25267,['1'],YTO,CHI,2015-09
414,25083,['0'],DTT,CHI,2015-09
759,24966,['0'],SEA,CHI,2015-09
920,24670,['0'],SAN,CHI,2015-09
271,22670,['0'],STL,CHI,2015-09
486,21278,['0'],MIA,CHI,2015-09
247,21063,['0'],BNA,CHI,2015-09
631,20665,['0'],FMY,CHI,2015-09
386,19892,['0'],CLE,CHI,2015-09
541,18793,['1'],TYO,CHI,2015-09
230,18496,['0'],CMH,CHI,2015-09
453,17208,['0'],PIT,CHI,2015-09
594,16588,['0'],CLT,CHI,2015-09
484,16470,['0'],RDU,CHI,2015-09
1285,15559,['1'],LON,CHI,2015-09
318,15397,['0'],SNA,CHI,2015-09
414,13567,['0'],AUS,CHI,2015-09
977,13330,['0'],MSY,CHI,2015-09
890,12785,['0'],PDX,CHI,2015-09
261,12727,['0'],OMA,CHI,2015-09
392,12006,['0'],HFD,CHI,2015-09
730,11595,['0'],SLC,CHI,2015-09
438,11015,['0'],SAT,CHI,2015-09
574,10695,['1'],SJU,CHI,2015-09
407,10475,['1'],MEX,CHI,2015-09
207,10127,['0'],BUF,CHI,2015-09
99,9664,['0'],SDF,CHI,2015-09
259,9470,['0'],OAK,CHI,2015-09
318,9390,['1'],CUN,CHI,2015-09
757,9375,['1'],SHA,CHI,2015-09
224,8850,['1'],GDL,CHI,2015-09
431,8297,['0'],JAX,CHI,2015-09
811,101589,['0'],NYC,ATL,2015-09
911,51295,['0'],CHI,ATL,2015-09
621,47459,['0'],WAS,ATL,2015-09
821,44001,['0'],DFW,ATL,2015-09
305,34742,['0'],FLL,ATL,2015-09
1411,32871,['0'],LAX,ATL,2015-09
748,32119,['0'],PHL,ATL,2015-09
491,31503,['0'],BOS,ATL,2015-09
522,27247,['0'],BWI,ATL,2015-09
495,25432,['0'],ORL,ATL,2015-09
668,24324,['0'],HOU,ATL,2015-09
1047,24125,['0'],DEN,ATL,2015-09
1361,23320,['0'],LAS,ATL,2015-09
646,22717,['0'],SFO,ATL,2015-09
479,20764,['0'],MIA,ATL,2015-09
379,20349,['0'],TPA,ATL,2015-09
526,19486,['0'],DTT,ATL,2015-09
568,18563,['0'],MSP,ATL,2015-09
669,16009,['0'],SEA,ATL,2015-09
347,15953,['0'],RDU,ATL,2015-09
729,14807,['0'],PHX,ATL,2015-09
66,14034,['0'],CLT,ATL,2015-09
749,12566,['0'],MSY,ATL,2015-09
473,12290,['0'],MKC,ATL,2015-09
501,12168,['0'],STL,ATL,2015-09
506,12101,['0'],PIT,ATL,2015-09
162,11436,['0'],JAX,ATL,2015-09
302,11176,['0'],MKE,ATL,2015-09
122,10845,['0'],RIC,ATL,2015-09
79,10636,['0'],PBI,ATL,2015-09
367,10151,['0'],IND,ATL,2015-09
859,10011,['1'],LON,ATL,2015-09
282,9459,['0'],SAT,ATL,2015-09
32,9420,['0'],MEM,ATL,2015-09
579,9344,['0'],SAN,ATL,2015-09
381,8673,['0'],SLC,ATL,2015-09
47,8574,['0'],HPN,ATL,2015-09
308,8100,['0'],BUF,ATL,2015-09
276,8091,['0'],FMY,ATL,2015-09
223,7961,['0'],CMH,ATL,2015-09
225,7592,['0'],DAY,ATL,2015-09
502,7411,['0'],CLE,ATL,2015-09
210,7179,['0'],AUS,ATL,2015-09
454,7114,['1'],YTO,ATL,2015-09
293,6764,['1'],AMS,ATL,2015-09
639,6457,['1'],PAR,ATL,2015-09
224,6449,['0'],CAK,ATL,2015-09
23,6408,['0'],BNA,ATL,2015-09
163,6366,['1'],CUN,ATL,2015-09
23,6203,['0'],CHS,ATL,2015-09
1591,79339,['0'],NYC,MIA,2015-09
734,26254,['1'],BUE,MIA,2015-09
787,24595,['1'],LON,MIA,2015-09
342,22025,['1'],MEX,MIA,2015-09
1097,21524,['0'],CHI,MIA,2015-09
686,21103,['0'],WAS,MIA,2015-09
537,20564,['1'],CCS,MIA,2015-09
413,20555,['0'],ATL,MIA,2015-09
68,20531,['1'],SJU,MIA,2015-09
416,19712,['0'],LAX,MIA,2015-09
548,15883,['1'],SAO,MIA,2015-09
410,14348,['1'],LIM,MIA,2015-09
476,13690,['0'],BOS,MIA,2015-09
272,13599,['1'],CUN,MIA,2015-09
606,10518,['0'],PHL,MIA,2015-09
268,10217,['0'],SFO,MIA,2015-09
614,10196,['0'],DFW,MIA,2015-09
1670,10174,['1'],PAR,MIA,2015-09
608,10044,['1'],BOG,MIA,2015-09
696,9910,['1'],MAD,MIA,2015-09
634,9645,['1'],SCL,MIA,2015-09
62,9017,['1'],NAS,MIA,2015-09
183,8510,['1'],PTY,MIA,2015-09
420,7855,['1'],AUA,MIA,2015-09
337,7770,['0'],LAS,MIA,2015-09
161,7769,['1'],SDQ,MIA,2015-09
215,7587,['0'],HOU,MIA,2015-09
66,7395,['1'],PAP,MIA,2015-09
801,7210,['1'],FRA,MIA,2015-09
414,7044,['0'],MSP,MIA,2015-09
517,6894,['0'],DTT,MIA,2015-09
302,6795,['0'],BWI,MIA,2015-09
166,6458,['1'],UIO,MIA,2015-09
204,6319,['0'],ORL,MIA,2015-09
447,6281,['1'],RIO,MIA,2015-09
166,6265,['0'],CLT,MIA,2015-09
618,6013,['1'],YTO,MIA,2015-09
212,6000,['1'],SAL,MIA,2015-09
333,5869,['0'],DEN,MIA,2015-09
78,5854,['1'],POS,MIA,2015-09
168,5848,['1'],MDE,MIA,2015-09
101,5762,['1'],MGA,MIA,2015-09
223,5536,['0'],RDU,MIA,2015-09
610,5440,['1'],YMQ,MIA,2015-09
78,5369,['1'],GCM,MIA,2015-09
559,5252,['1'],CLO,MIA,2015-09
700,5189,['1'],DUS,MIA,2015-09
1039,5118,['1'],ROM,MIA,2015-09
1910,5016,['1'],MIL,MIA,2015-09
172,4736,['0'],MSY,MIA,2015-09
2212,118318,['0'],NYC,SFO,2015-09
588,86281,['0'],LAX,SFO,2015-09
346,49746,['0'],SAN,SFO,2015-09
934,49013,['0'],LAS,SFO,2015-09
1525,45889,['0'],BOS,SFO,2015-09
1050,43132,['0'],CHI,SFO,2015-09
1160,39879,['0'],WAS,SFO,2015-09
407,39765,['0'],SEA,SFO,2015-09
1774,35845,['1'],LON,SFO,2015-09
366,27759,['0'],DEN,SFO,2015-09
1081,27582,['0'],DFW,SFO,2015-09
81,24672,['0'],SNA,SFO,2015-09
786,22694,['0'],ATL,SFO,2015-09
418,19998,['0'],HNL,SFO,2015-09
717,19997,['0'],PHX,SFO,2015-09
1749,19577,['1'],PAR,SFO,2015-09
702,19110,['0'],MSP,SFO,2015-09
1216,18457,['0'],PHL,SFO,2015-09
247,17929,['0'],PDX,SFO,2015-09
988,16699,['1'],FRA,SFO,2015-09
698,15797,['1'],YVR,SFO,2015-09
788,14328,['1'],HKG,SFO,2015-09
621,13461,['0'],AUS,SFO,2015-09
619,13083,['0'],HOU,SFO,2015-09
1287,12806,['1'],YTO,SFO,2015-09
717,12620,['0'],DTT,SFO,2015-09
347,12108,['1'],TPE,SFO,2015-09
677,11493,['0'],FLL,SFO,2015-09
1557,11450,['1'],TYO,SFO,2015-09
1755,11137,['1'],SEL,SFO,2015-09
364,10864,['1'],DXB,SFO,2015-09
66,10664,['0'],LGB,SFO,2015-09
950,10004,['1'],AMS,SFO,2015-09
1324,9835,['1'],SHA,SFO,2015-09
461,9692,['0'],MIA,SFO,2015-09
1138,8782,['0'],ORL,SFO,2015-09
586,8765,['0'],OGG,SFO,2015-09
684,8761,['0'],BWI,SFO,2015-09
384,8731,['0'],CLT,SFO,2015-09
1310,8650,['1'],DUB,SFO,2015-09
459,8461,['0'],SLC,SFO,2015-09
742,7101,['0'],RDU,SFO,2015-09
1109,6925,['0'],STL,SFO,2015-09
659,6848,['1'],MNL,SFO,2015-09
1033,6791,['1'],ROM,SFO,2015-09
652,6679,['1'],MEX,SFO,2015-09
388,6656,['0'],MKE,SFO,2015-09
496,6065,['0'],CLE,SFO,2015-09
887,6041,['1'],BJS,SFO,2015-09
721,6004,['0'],PIT,SFO,2015-09
335,118341,['1'],DUB,LON,2015-09
2192,112296,['1'],NYC,LON,2015-09
306,108077,['0'],EDI,LON,2015-09
593,96809,['1'],AMS,LON,2015-09
701,89191,['1'],BCN,LON,2015-09
123,78308,['0'],BFS,LON,2015-09
415,77685,['1'],MAD,LON,2015-09
381,76133,['0'],GLA,LON,2015-09
723,73312,['1'],MIL,LON,2015-09
720,72808,['1'],DXB,LON,2015-09
854,69868,['1'],ROM,LON,2015-09
778,68712,['1'],AGP,LON,2015-09
1371,67359,['1'],PMI,LON,2015-09
365,64094,['1'],CPH,LON,2015-09
444,58304,['1'],BER,LON,2015-09
245,57417,['1'],GVA,LON,2015-09
219,53377,['1'],STO,LON,2015-09
742,51799,['1'],FAO,LON,2015-09
543,51067,['1'],ALC,LON,2015-09
431,49733,['1'],NCE,LON,2015-09
356,49350,['1'],PAR,LON,2015-09
286,48388,['1'],MUC,LON,2015-09
378,47169,['1'],ZRH,LON,2015-09
197,46436,['1'],FRA,LON,2015-09
301,44215,['1'],BUD,LON,2015-09
1863,44139,['1'],LAX,LON,2015-09
325,42534,['1'],LIS,LON,2015-09
1161,41782,['1'],IBZ,LON,2015-09
744,40509,['1'],HKG,LON,2015-09
886,39419,['1'],DLM,LON,2015-09
248,37454,['1'],OSL,LON,2015-09
510,37335,['1'],IST,LON,2015-09
586,37179,['1'],VCE,LON,2015-09
1033,36414,['1'],TCI,LON,2015-09
521,32804,['1'],ATH,LON,2015-09
1726,32705,['1'],YTO,LON,2015-09
165,32140,['0'],ABZ,LON,2015-09
1462,32095,['1'],SFO,LON,2015-09
445,30846,['1'],PRG,LON,2015-09
515,29418,['1'],TLV,LON,2015-09
410,29310,['1'],BUH,LON,2015-09
518,28106,['1'],MIA,LON,2015-09
880,28058,['1'],VIE,LON,2015-09
648,27512,['1'],MLA,LON,2015-09
462,27452,['1'],DUS,LON,2015-09
618,27385,['1'],DEL,LON,2015-09
587,27154,['1'],MOW,LON,2015-09
557,27091,['1'],PFO,LON,2015-09
1067,26265,['1'],NAP,LON,2015-09
145,26115,['1'],PSA,LON,2015-09
134,114832,['0'],TLS,PAR,2015-09
156,105309,['0'],NCE,PAR,2015-09
349,81897,['1'],BCN,PAR,2015-09
377,64762,['1'],ROM,PAR,2015-09
440,60382,['1'],MIL,PAR,2015-09
614,56374,['1'],MAD,PAR,2015-09
1958,52980,['1'],NYC,PAR,2015-09
404,52825,['0'],MRS,PAR,2015-09
474,50053,['1'],ALG,PAR,2015-09
210,48766,['1'],LON,PAR,2015-09
543,47177,['1'],LIS,PAR,2015-09
267,46855,['0'],BOD,PAR,2015-09
470,44131,['1'],OPO,PAR,2015-09
337,36381,['1'],BER,PAR,2015-09
661,34574,['1'],TUN,PAR,2015-09
871,33828,['1'],YMQ,PAR,2015-09
321,32746,['1'],VCE,PAR,2015-09
650,30663,['1'],IST,PAR,2015-09
405,29476,['1'],RAK,PAR,2015-09
1463,28252,['1'],TYO,PAR,2015-09
737,27854,['1'],CAS,PAR,2015-09
187,25992,['1'],RUN,PAR,2015-09
1374,25611,['1'],TLV,PAR,2015-09
58,25273,['1'],GVA,PAR,2015-09
276,22799,['1'],MUC,PAR,2015-09
205,22715,['1'],DUB,PAR,2015-09
23,22068,['0'],BIQ,PAR,2015-09
501,21827,['1'],ATH,PAR,2015-09
91,21580,['0'],MPL,PAR,2015-09
250,21108,['1'],CPH,PAR,2015-09
735,20995,['1'],AGP,PAR,2015-09
1092,20962,['1'],MOW,PAR,2015-09
1636,19979,['1'],LAX,PAR,2015-09
145,19826,['0'],AJA,PAR,2015-09
221,19643,['1'],PTP,PAR,2015-09
547,18941,['1'],DJE,PAR,2015-09
467,18571,['1'],STO,PAR,2015-09
227,18361,['1'],FDF,PAR,2015-09
402,18251,['1'],VIE,PAR,2015-09
419,17452,['1'],NAP,PAR,2015-09
134,17221,['1'],VLC,PAR,2015-09
1021,16765,['1'],BKK,PAR,2015-09
1096,16600,['1'],SFO,PAR,2015-09
601,16472,['1'],PRG,PAR,2015-09
171,16327,['1'],FRA,PAR,2015-09
869,15930,['1'],HKG,PAR,2015-09
554,15530,['1'],DXB,PAR,2015-09
608,15348,['1'],SIN,PAR,2015-09
1402,15257,['1'],SEL,PAR,2015-09
116,15139,['1'],AMS,PAR,2015-09
772,61477,['0'],NYC,BOS,2014-09
475,53504,['0'],WAS,BOS,2014-09
2873,49469,['0'],SFO,BOS,2014-09
1492,48460,['0'],CHI,BOS,2014-09
2615,40819,['0'],LAX,BOS,2014-09
803,32352,['0'],ATL,BOS,2014-09
215,29296,['0'],BWI,BOS,2014-09
1125,28961,['0'],ORL,BOS,2014-09
2160,25712,['1'],LON,BOS,2014-09
999,22447,['0'],DFW,BOS,2014-09
827,21343,['0'],FLL,BOS,2014-09
859,21259,['0'],DEN,BOS,2014-09
183,20128,['0'],PHL,BOS,2014-09
557,18711,['0'],CLT,BOS,2014-09
1483,16910,['0'],SEA,BOS,2014-09
1021,16245,['0'],TPA,BOS,2014-09
2483,15849,['0'],LAS,BOS,2014-09
1112,15823,['0'],MSP,BOS,2014-09
522,15681,['0'],RDU,BOS,2014-09
688,14467,['1'],YTO,BOS,2014-09
860,14025,['0'],HOU,BOS,2014-09
1736,13683,['0'],SAN,BOS,2014-09
1305,13318,['0'],PHX,BOS,2014-09
636,13078,['0'],MIA,BOS,2014-09
276,13073,['0'],PIT,BOS,2014-09
642,12867,['0'],FMY,BOS,2014-09
346,12758,['0'],PBI,BOS,2014-09
553,10573,['0'],DTT,BOS,2014-09
1766,10093,['1'],PAR,BOS,2014-09
830,10002,['1'],DUB,BOS,2014-09
208,9429,['0'],BUF,BOS,2014-09
640,8156,['0'],AUS,BOS,2014-09
701,7316,['0'],STL,BOS,2014-09
395,7217,['0'],RIC,BOS,2014-09
1571,6785,['0'],PDX,BOS,2014-09
382,6486,['0'],MKE,BOS,2014-09
765,6295,['0'],MSY,BOS,2014-09
788,6278,['0'],JAX,BOS,2014-09
567,6244,['1'],SJU,BOS,2014-09
799,5941,['0'],SLC,BOS,2014-09
602,5894,['0'],MKC,BOS,2014-09
1352,5834,['1'],FRA,BOS,2014-09
366,5811,['0'],CVG,BOS,2014-09
385,5369,['1'],DXB,BOS,2014-09
1278,5185,['1'],AMS,BOS,2014-09
536,5082,['0'],IND,BOS,2014-09
117,4914,['0'],MYR,BOS,2014-09
620,4900,['0'],BNA,BOS,2014-09
814,4598,['0'],SJC,BOS,2014-09
1114,4543,['1'],ROM,BOS,2014-09
3040,143955,['0'],NYC,CHI,2014-09
3844,67290,['0'],LAX,CHI,2014-09
1945,58957,['0'],WAS,CHI,2014-09
1972,55379,['0'],LAS,CHI,2014-09
1378,51610,['0'],ORL,CHI,2014-09
2368,49896,['0'],DEN,CHI,2014-09
2237,49525,['0'],DFW,CHI,2014-09
1178,49184,['0'],MSP,CHI,2014-09
1716,49045,['0'],ATL,CHI,2014-09
1575,48906,['0'],BOS,CHI,2014-09
2307,48132,['0'],SFO,CHI,2014-09
1981,46182,['0'],PHX,CHI,2014-09
1114,41547,['0'],PHL,CHI,2014-09
1753,36881,['0'],HOU,CHI,2014-09
1190,29757,['0'],FLL,CHI,2014-09
1225,29124,['0'],TPA,CHI,2014-09
1089,28603,['0'],SEA,CHI,2014-09
592,27266,['0'],MKC,CHI,2014-09
1108,26353,['0'],SAN,CHI,2014-09
904,25855,['0'],BWI,CHI,2014-09
1051,25747,['0'],DTT,CHI,2014-09
311,24227,['0'],STL,CHI,2014-09
1529,23478,['1'],YTO,CHI,2014-09
317,22482,['0'],BNA,CHI,2014-09
718,21443,['0'],FMY,CHI,2014-09
1310,21187,['0'],MIA,CHI,2014-09
284,20339,['0'],CMH,CHI,2014-09
4520,20135,['1'],LON,CHI,2014-09
169,19967,['0'],CLE,CHI,2014-09
700,18724,['0'],PIT,CHI,2014-09
824,18309,['0'],CLT,CHI,2014-09
763,18128,['0'],RDU,CHI,2014-09
801,16033,['0'],SNA,CHI,2014-09
695,15165,['0'],AUS,CHI,2014-09
359,14570,['0'],OMA,CHI,2014-09
1584,14274,['0'],PDX,CHI,2014-09
669,13264,['0'],HFD,CHI,2014-09
1073,12911,['0'],MSY,CHI,2014-09
602,12152,['0'],SAT,CHI,2014-09
1184,12141,['0'],SLC,CHI,2014-09
525,11570,['1'],MEX,CHI,2014-09
412,11051,['0'],BUF,CHI,2014-09
322,10948,['0'],OAK,CHI,2014-09
231,10415,['0'],SDF,CHI,2014-09
1585,9807,['1'],TYO,CHI,2014-09
818,9034,['0'],SJC,CHI,2014-09
635,8930,['0'],JAX,CHI,2014-09
525,8506,['0'],PVD,CHI,2014-09
2356,8281,['1'],FRA,CHI,2014-09
687,8277,['1'],SJU,CHI,2014-09
1771,96056,['0'],NYC,ATL,2014-09
1717,48194,['0'],CHI,ATL,2014-09
1148,45358,['0'],WAS,ATL,2014-09
1087,40125,['0'],DFW,ATL,2014-09
410,33930,['0'],FLL,ATL,2014-09
1713,32842,['0'],LAX,ATL,2014-09
772,32382,['0'],BOS,ATL,2014-09
757,31976,['0'],PHL,ATL,2014-09
385,27083,['0'],BWI,ATL,2014-09
858,25123,['0'],HOU,ATL,2014-09
348,24776,['0'],ORL,ATL,2014-09
1314,24693,['0'],DEN,ATL,2014-09
909,23578,['0'],SFO,ATL,2014-09
1367,22924,['0'],LAS,ATL,2014-09
345,20353,['0'],TPA,ATL,2014-09
645,20139,['0'],MIA,ATL,2014-09
635,19801,['0'],DTT,ATL,2014-09
1216,19282,['0'],MSP,ATL,2014-09
301,16326,['0'],RDU,ATL,2014-09
1420,15342,['0'],SEA,ATL,2014-09
1519,14784,['0'],PHX,ATL,2014-09
204,13660,['0'],CLT,ATL,2014-09
505,12799,['0'],MSY,ATL,2014-09
434,12533,['0'],STL,ATL,2014-09
528,12514,['0'],MKC,ATL,2014-09
490,12422,['0'],PIT,ATL,2014-09
160,10979,['0'],JAX,ATL,2014-09
394,10976,['0'],MKE,ATL,2014-09
193,10965,['0'],RIC,ATL,2014-09
403,10531,['0'],IND,ATL,2014-09
321,10132,['0'],SAT,ATL,2014-09
1530,10019,['1'],LON,ATL,2014-09
139,9681,['0'],PBI,ATL,2014-09
956,9514,['0'],SAN,ATL,2014-09
24,9247,['0'],MEM,ATL,2014-09
970,9072,['0'],SLC,ATL,2014-09
406,8401,['0'],CMH,ATL,2014-09
341,8076,['0'],BUF,ATL,2014-09
409,8044,['0'],AUS,ATL,2014-09
86,7682,['0'],HPN,ATL,2014-09
364,7255,['1'],SJU,ATL,2014-09
1183,7240,['1'],YTO,ATL,2014-09
352,7104,['0'],FMY,ATL,2014-09
162,6977,['1'],CUN,ATL,2014-09
216,6911,['0'],DAY,ATL,2014-09
1440,6834,['1'],PAR,ATL,2014-09
419,6761,['0'],HFD,ATL,2014-09
255,6605,['0'],CAK,ATL,2014-09
53,6483,['0'],CHS,ATL,2014-09
23,6264,['0'],SAV,ATL,2014-09
2610,71962,['0'],NYC,MIA,2014-09
2591,23820,['1'],BUE,MIA,2014-09
1430,21126,['0'],CHI,MIA,2014-09
2304,20367,['1'],CCS,MIA,2014-09
392,20106,['0'],ATL,MIA,2014-09
859,19934,['0'],LAX,MIA,2014-09
400,18928,['1'],MEX,MIA,2014-09
963,18765,['0'],WAS,MIA,2014-09
2007,17366,['1'],LON,MIA,2014-09
1916,15678,['1'],SAO,MIA,2014-09
350,15438,['1'],SJU,MIA,2014-09
642,13433,['0'],BOS,MIA,2014-09
785,12612,['1'],LIM,MIA,2014-09
936,12552,['1'],BOG,MIA,2014-09
730,10600,['0'],DFW,MIA,2014-09
751,10284,['0'],SFO,MIA,2014-09
548,9947,['0'],PHL,MIA,2014-09
150,9638,['1'],PAP,MIA,2014-09
264,9062,['1'],CUN,MIA,2014-09
101,8007,['1'],SDQ,MIA,2014-09
679,7907,['0'],LAS,MIA,2014-09
2232,7893,['1'],SCL,MIA,2014-09
503,7844,['0'],HOU,MIA,2014-09
817,7566,['1'],YTO,MIA,2014-09
491,7520,['1'],PTY,MIA,2014-09
1788,7470,['1'],PAR,MIA,2014-09
632,7199,['0'],DTT,MIA,2014-09
553,7116,['0'],ORL,MIA,2014-09
66,6984,['1'],NAS,MIA,2014-09
713,6843,['0'],MSP,MIA,2014-09
1237,6359,['1'],MAD,MIA,2014-09
498,6301,['1'],UIO,MIA,2014-09
256,6278,['0'],CLT,MIA,2014-09
755,6093,['1'],RIO,MIA,2014-09
347,5896,['0'],BWI,MIA,2014-09
514,5761,['1'],GYE,MIA,2014-09
788,5582,['0'],DEN,MIA,2014-09
1295,5457,['1'],FRA,MIA,2014-09
79,5426,['1'],GCM,MIA,2014-09
218,5100,['0'],RDU,MIA,2014-09
79,5093,['1'],MAO,MIA,2014-09
146,4962,['1'],MGA,MIA,2014-09
1725,4884,['1'],ROM,MIA,2014-09
877,4700,['1'],MVD,MIA,2014-09
363,4639,['1'],AUA,MIA,2014-09
100,4467,['1'],POS,MIA,2014-09
757,4357,['0'],SEA,MIA,2014-09
1557,4297,['1'],MIL,MIA,2014-09
1038,4296,['1'],DUS,MIA,2014-09
204,4260,['0'],TPA,MIA,2014-09
5562,118515,['0'],NYC,SFO,2014-09
2255,87545,['0'],LAX,SFO,2014-09
741,50486,['0'],SAN,SFO,2014-09
1330,49302,['0'],LAS,SFO,2014-09
2795,49282,['0'],BOS,SFO,2014-09
2041,48224,['0'],CHI,SFO,2014-09
688,42501,['0'],SEA,SFO,2014-09
2801,40751,['0'],WAS,SFO,2014-09
7962,31271,['1'],LON,SFO,2014-09
1296,31102,['0'],DEN,SFO,2014-09
1750,27427,['0'],DFW,SFO,2014-09
213,26215,['0'],SNA,SFO,2014-09
1527,23392,['0'],ATL,SFO,2014-09
1278,20155,['0'],PHL,SFO,2014-09
1198,20142,['0'],HNL,SFO,2014-09
1074,20028,['0'],PHX,SFO,2014-09
1186,19871,['0'],MSP,SFO,2014-09
3137,19647,['1'],PAR,SFO,2014-09
711,18536,['0'],PDX,SFO,2014-09
1397,17529,['1'],HKG,SFO,2014-09
3872,16421,['1'],TYO,SFO,2014-09
2310,15868,['1'],FRA,SFO,2014-09
1910,15858,['0'],HOU,SFO,2014-09
1256,15468,['1'],YVR,SFO,2014-09
2171,15400,['1'],YTO,SFO,2014-09
1433,15324,['1'],TPE,SFO,2014-09
2471,14571,['1'],SEL,SFO,2014-09
1130,14266,['0'],AUS,SFO,2014-09
1077,12625,['0'],DTT,SFO,2014-09
12,11602,['0'],LGB,SFO,2014-09
768,10319,['0'],FLL,SFO,2014-09
672,10220,['0'],MIA,SFO,2014-09
703,9891,['0'],CLT,SFO,2014-09
971,9339,['0'],BWI,SFO,2014-09
1703,9339,['0'],ORL,SFO,2014-09
1108,8558,['0'],SLC,SFO,2014-09
1439,8223,['1'],MEX,SFO,2014-09
927,8014,['0'],STL,SFO,2014-09
1369,7982,['1'],AMS,SFO,2014-09
2493,7824,['1'],SHA,SFO,2014-09
1012,7461,['0'],RDU,SFO,2014-09
1145,7243,['0'],OGG,SFO,2014-09
682,7093,['1'],MNL,SFO,2014-09
1024,7011,['0'],MSY,SFO,2014-09
1018,6826,['0'],CLE,SFO,2014-09
976,6821,['1'],SJD,SFO,2014-09
1912,6785,['1'],BJS,SFO,2014-09
858,6686,['0'],PIT,SFO,2014-09
664,6359,['0'],MKE,SFO,2014-09
953,6200,['0'],IND,SFO,2014-09
383,134137,['1'],DUB,LON,2014-09
3039,129735,['1'],NYC,LON,2014-09
651,123289,['1'],AMS,LON,2014-09
1264,112735,['1'],BCN,LON,2014-09
223,109738,['0'],EDI,LON,2014-09
1189,87692,['1'],MIL,LON,2014-09
1319,82709,['1'],AGP,LON,2014-09
1128,80325,['1'],DXB,LON,2014-09
1063,79397,['1'],MAD,LON,2014-09
968,73653,['1'],ROM,LON,2014-09
231,73093,['0'],GLA,LON,2014-09
913,72905,['1'],BER,LON,2014-09
935,71734,['1'],PAR,LON,2014-09
241,68781,['1'],GVA,LON,2014-09
1256,67334,['1'],PMI,LON,2014-09
227,65253,['0'],BFS,LON,2014-09
879,63303,['1'],FAO,LON,2014-09
462,63151,['1'],STO,LON,2014-09
655,59585,['1'],NCE,LON,2014-09
587,58658,['1'],ALC,LON,2014-09
486,56151,['1'],CPH,LON,2014-09
613,53765,['1'],FRA,LON,2014-09
856,51124,['1'],MUC,LON,2014-09
1317,50729,['1'],IBZ,LON,2014-09
803,47839,['1'],ZRH,LON,2014-09
335,46094,['1'],OSL,LON,2014-09
1162,44712,['1'],DLM,LON,2014-09
875,44527,['1'],BUD,LON,2014-09
393,43029,['1'],LIS,LON,2014-09
892,40363,['1'],VCE,LON,2014-09
760,39745,['1'],DUS,LON,2014-09
1762,38657,['1'],HKG,LON,2014-09
832,36502,['1'],MOW,LON,2014-09
2318,36352,['1'],YTO,LON,2014-09
996,36148,['1'],TCI,LON,2014-09
224,35718,['0'],ABZ,LON,2014-09
2456,34815,['1'],LAX,LON,2014-09
684,34316,['1'],PRG,LON,2014-09
557,32923,['1'],IST,LON,2014-09
840,32208,['1'],BUH,LON,2014-09
310,31704,['1'],PSA,LON,2014-09
1078,31187,['1'],TLV,LON,2014-09
633,30730,['1'],ATH,LON,2014-09
4631,30276,['1'],SFO,LON,2014-09
2107,28604,['1'],SIN,LON,2014-09
754,28259,['1'],HAM,LON,2014-09
711,27863,['1'],WAW,LON,2014-09
1406,27317,['1'],NAP,LON,2014-09
609,26701,['1'],MAH,LON,2014-09
118,26440,['1'],EAP,LON,2014-09
508,121042,['0'],TLS,PAR,2014-09
569,101806,['0'],NCE,PAR,2014-09
1388,95725,['1'],BCN,PAR,2014-09
1069,69734,['1'],LON,PAR,2014-09
1442,68960,['1'],ROM,PAR,2014-09
1243,62534,['1'],MIL,PAR,2014-09
2029,54959,['1'],MAD,PAR,2014-09
440,54307,['0'],BOD,PAR,2014-09
544,53528,['1'],ALG,PAR,2014-09
573,49990,['1'],OPO,PAR,2014-09
5526,48383,['1'],NYC,PAR,2014-09
1085,47742,['1'],LIS,PAR,2014-09
1717,45075,['1'],BER,PAR,2014-09
545,42563,['1'],TUN,PAR,2014-09
680,41695,['0'],MRS,PAR,2014-09
390,36286,['1'],GVA,PAR,2014-09
5115,34713,['1'],TYO,PAR,2014-09
697,34474,['1'],VCE,PAR,2014-09
480,34322,['1'],RAK,PAR,2014-09
2128,34180,['1'],MOW,PAR,2014-09
1730,33701,['1'],YMQ,PAR,2014-09
2158,29149,['1'],TLV,PAR,2014-09
884,28530,['1'],CAS,PAR,2014-09
897,28203,['1'],RUN,PAR,2014-09
1764,26275,['1'],IST,PAR,2014-09
1078,25331,['1'],MUC,PAR,2014-09
208,24304,['0'],AJA,PAR,2014-09
1687,23670,['1'],CPH,PAR,2014-09
901,23117,['1'],STO,PAR,2014-09
382,23049,['1'],DUB,PAR,2014-09
1247,22182,['1'],DXB,PAR,2014-09
77,21892,['0'],BIQ,PAR,2014-09
605,21506,['1'],AGP,PAR,2014-09
1406,21487,['1'],PRG,PAR,2014-09
1132,21305,['1'],PTP,PAR,2014-09
406,21094,['0'],MPL,PAR,2014-09
637,19954,['1'],ZRH,PAR,2014-09
1609,19390,['1'],BUH,PAR,2014-09
1364,19318,['1'],FDF,PAR,2014-09
4181,19312,['1'],SEL,PAR,2014-09
2203,18976,['1'],VIE,PAR,2014-09
1194,18713,['1'],ATH,PAR,2014-09
2023,18212,['1'],HKG,PAR,2014-09
3865,18116,['1'],LAX,PAR,2014-09
699,18104,['1'],FRA,PAR,2014-09
2584,18048,['1'],SFO,PAR,2014-09
548,17894,['1'],DJE,PAR,2014-09
89,17696,['0'],BIA,PAR,2014-09
649,16638,['1'],AMS,PAR,2014-09
380,16403,['1'],SVQ,PAR,2014-09
498,64157,['0'],NYC,BOS,2013-09
324,52993,['0'],WAS,BOS,2013-09
1172,45570,['0'],CHI,BOS,2013-09
1122,45099,['0'],SFO,BOS,2013-09
1095,33846,['0'],LAX,BOS,2013-09
450,32103,['0'],ORL,BOS,2013-09
537,30909,['0'],ATL,BOS,2013-09
163,27633,['0'],BWI,BOS,2013-09
1666,26631,['1'],LON,BOS,2013-09
407,21065,['0'],FLL,BOS,2013-09
426,20573,['0'],DFW,BOS,2013-09
745,19873,['0'],DEN,BOS,2013-09
88,18367,['0'],PHL,BOS,2013-09
246,17386,['0'],CLT,BOS,2013-09
666,16381,['1'],YTO,BOS,2013-09
534,15806,['0'],TPA,BOS,2013-09
437,15731,['0'],MSP,BOS,2013-09
897,15619,['0'],LAS,BOS,2013-09
903,15385,['0'],SEA,BOS,2013-09
401,15362,['0'],RDU,BOS,2013-09
569,13744,['0'],SAN,BOS,2013-09
353,13728,['0'],HOU,BOS,2013-09
208,13207,['0'],PIT,BOS,2013-09
271,13133,['0'],MIA,BOS,2013-09
198,12891,['0'],PBI,BOS,2013-09
618,12746,['0'],PHX,BOS,2013-09
469,12506,['1'],PAR,BOS,2013-09
164,11955,['0'],FMY,BOS,2013-09
280,10540,['0'],DTT,BOS,2013-09
701,10451,['1'],DUB,BOS,2013-09
121,9665,['0'],BUF,BOS,2013-09
170,8228,['1'],SJU,BOS,2013-09
454,7449,['0'],STL,BOS,2013-09
541,7165,['0'],PDX,BOS,2013-09
109,7088,['1'],YMQ,BOS,2013-09
560,7067,['0'],AUS,BOS,2013-09
93,6882,['0'],RIC,BOS,2013-09
167,6721,['0'],MKE,BOS,2013-09
610,6265,['1'],AMS,BOS,2013-09
897,5951,['1'],TYO,BOS,2013-09
361,5896,['0'],MSY,BOS,2013-09
233,5883,['0'],JAX,BOS,2013-09
476,5874,['0'],MKC,BOS,2013-09
507,5831,['0'],SLC,BOS,2013-09
235,5509,['0'],CVG,BOS,2013-09
866,5382,['1'],FRA,BOS,2013-09
291,4993,['0'],CLE,BOS,2013-09
479,4992,['0'],IND,BOS,2013-09
260,4911,['1'],CUN,BOS,2013-09
99,4904,['0'],LGB,BOS,2013-09
1525,138154,['0'],NYC,CHI,2013-09
1404,63772,['0'],LAX,CHI,2013-09
762,53995,['0'],WAS,CHI,2013-09
1202,53138,['0'],LAS,CHI,2013-09
855,48520,['0'],ORL,CHI,2013-09
1028,47639,['0'],DEN,CHI,2013-09
763,47306,['0'],ATL,CHI,2013-09
621,46145,['0'],MSP,CHI,2013-09
861,46086,['0'],DFW,CHI,2013-09
1444,45487,['0'],SFO,CHI,2013-09
1055,44266,['0'],BOS,CHI,2013-09
1256,43573,['0'],PHX,CHI,2013-09
631,38240,['0'],PHL,CHI,2013-09
828,34593,['0'],HOU,CHI,2013-09
415,28920,['0'],FLL,CHI,2013-09
604,27740,['0'],TPA,CHI,2013-09
389,26619,['0'],BWI,CHI,2013-09
1045,26331,['0'],SEA,CHI,2013-09
167,25773,['0'],MKC,CHI,2013-09
557,25533,['0'],SAN,CHI,2013-09
938,25295,['1'],YTO,CHI,2013-09
229,24658,['0'],DTT,CHI,2013-09
250,24569,['0'],STL,CHI,2013-09
1299,23448,['1'],LON,CHI,2013-09
348,21832,['0'],MIA,CHI,2013-09
235,20865,['0'],BNA,CHI,2013-09
125,20359,['0'],CLE,CHI,2013-09
141,19627,['0'],CMH,CHI,2013-09
277,18172,['0'],PIT,CHI,2013-09
415,18071,['0'],FMY,CHI,2013-09
400,17122,['0'],RDU,CHI,2013-09
376,16300,['0'],CLT,CHI,2013-09
401,14929,['0'],SNA,CHI,2013-09
282,14375,['1'],MEX,CHI,2013-09
1044,14071,['1'],TYO,CHI,2013-09
198,13901,['0'],OMA,CHI,2013-09
397,13613,['0'],AUS,CHI,2013-09
963,13230,['0'],PDX,CHI,2013-09
317,12478,['0'],HFD,CHI,2013-09
508,12257,['0'],MSY,CHI,2013-09
428,11747,['0'],SAT,CHI,2013-09
502,11602,['0'],SLC,CHI,2013-09
841,11212,['1'],PAR,CHI,2013-09
214,10921,['0'],BUF,CHI,2013-09
127,10069,['0'],SDF,CHI,2013-09
968,10068,['1'],FRA,CHI,2013-09
430,9453,['1'],CUN,CHI,2013-09
353,8863,['0'],JAX,CHI,2013-09
722,8745,['1'],SHA,CHI,2013-09
258,8726,['0'],OAK,CHI,2013-09
1017,91641,['0'],NYC,ATL,2013-09
617,47708,['0'],CHI,ATL,2013-09
292,45437,['0'],WAS,ATL,2013-09
389,38932,['0'],DFW,ATL,2013-09
1239,32015,['0'],LAX,ATL,2013-09
243,30712,['0'],FLL,ATL,2013-09
389,30596,['0'],BOS,ATL,2013-09
336,30424,['0'],PHL,ATL,2013-09
357,26223,['0'],BWI,ATL,2013-09
195,23462,['0'],HOU,ATL,2013-09
510,23113,['0'],DEN,ATL,2013-09
329,23034,['0'],ORL,ATL,2013-09
439,22538,['0'],LAS,ATL,2013-09
566,22295,['0'],SFO,ATL,2013-09
120,20444,['0'],MIA,ATL,2013-09
357,19320,['0'],DTT,ATL,2013-09
387,19034,['0'],MSP,ATL,2013-09
203,17966,['0'],TPA,ATL,2013-09
114,15860,['0'],RDU,ATL,2013-09
776,14660,['0'],SEA,ATL,2013-09
395,14612,['0'],PHX,ATL,2013-09
165,12294,['0'],MSY,ATL,2013-09
107,12178,['0'],CLT,ATL,2013-09
152,12077,['0'],PIT,ATL,2013-09
937,12052,['1'],LON,ATL,2013-09
307,12023,['0'],STL,ATL,2013-09
445,11908,['0'],MKC,ATL,2013-09
61,11119,['0'],JAX,ATL,2013-09
183,10516,['0'],RIC,ATL,2013-09
134,10367,['0'],MKE,ATL,2013-09
214,10123,['0'],IND,ATL,2013-09
61,9679,['0'],PBI,ATL,2013-09
965,9550,['1'],YTO,ATL,2013-09
299,9497,['0'],SAT,ATL,2013-09
164,9455,['0'],MEM,ATL,2013-09
649,8632,['0'],SLC,ATL,2013-09
313,8536,['0'],SAN,ATL,2013-09
266,8207,['0'],CMH,ATL,2013-09
39,8174,['0'],HPN,ATL,2013-09
685,8087,['1'],PAR,ATL,2013-09
205,7953,['0'],BUF,ATL,2013-09
110,7519,['0'],DAY,ATL,2013-09
271,7376,['1'],SJU,ATL,2013-09
209,7123,['0'],AUS,ATL,2013-09
109,6599,['0'],ORF,ATL,2013-09
103,6464,['0'],CAK,ATL,2013-09
61,6322,['0'],FMY,ATL,2013-09
135,6259,['0'],SDF,ATL,2013-09
163,6250,['1'],CUN,ATL,2013-09
11,6231,['0'],BNA,ATL,2013-09
704,76563,['0'],NYC,MIA,2013-09
864,31249,['1'],CCS,MIA,2013-09
901,26400,['1'],BUE,MIA,2013-09
394,21605,['0'],CHI,MIA,2013-09
99,20349,['0'],ATL,MIA,2013-09
254,19924,['0'],WAS,MIA,2013-09
244,18824,['1'],MEX,MIA,2013-09
305,18663,['0'],LAX,MIA,2013-09
911,17268,['1'],LON,MIA,2013-09
858,14551,['1'],SAO,MIA,2013-09
533,13243,['1'],YTO,MIA,2013-09
232,13114,['0'],BOS,MIA,2013-09
180,12985,['1'],PAP,MIA,2013-09
32,12394,['1'],SJU,MIA,2013-09
144,10551,['0'],DFW,MIA,2013-09
246,10360,['1'],BOG,MIA,2013-09
92,10261,['0'],PHL,MIA,2013-09
266,9733,['0'],SFO,MIA,2013-09
441,8469,['1'],LIM,MIA,2013-09
58,8073,['1'],SDQ,MIA,2013-09
14,8058,['1'],CUN,MIA,2013-09
931,7797,['1'],SCL,MIA,2013-09
332,7546,['0'],LAS,MIA,2013-09
26,7402,['1'],NAS,MIA,2013-09
269,7390,['0'],MSP,MIA,2013-09
918,7371,['1'],PAR,MIA,2013-09
68,7334,['0'],HOU,MIA,2013-09
106,7002,['1'],PTY,MIA,2013-09
175,6802,['0'],DTT,MIA,2013-09
368,6639,['1'],RIO,MIA,2013-09
260,6603,['1'],YMQ,MIA,2013-09
42,6542,['0'],ORL,MIA,2013-09
104,6386,['0'],BWI,MIA,2013-09
61,6366,['0'],CLT,MIA,2013-09
234,5775,['0'],DEN,MIA,2013-09
455,5575,['1'],MAD,MIA,2013-09
39,5567,['0'],RDU,MIA,2013-09
80,5279,['1'],CUR,MIA,2013-09
78,5011,['1'],MGA,MIA,2013-09
376,4929,['1'],MAR,MIA,2013-09
289,4873,['1'],GYE,MIA,2013-09
445,4866,['1'],UIO,MIA,2013-09
33,4852,['1'],GCM,MIA,2013-09
18,4532,['0'],TPA,MIA,2013-09
406,4461,['1'],MDE,MIA,2013-09
71,4430,['1'],POS,MIA,2013-09
376,4363,['0'],SEA,MIA,2013-09
155,4185,['0'],STL,MIA,2013-09
78,4162,['1'],MAO,MIA,2013-09
89,4113,['1'],SAL,MIA,2013-09
2564,111814,['0'],NYC,SFO,2013-09
982,89994,['0'],LAX,SFO,2013-09
399,49665,['0'],SAN,SFO,2013-09
784,47500,['0'],LAS,SFO,2013-09
1471,44702,['0'],CHI,SFO,2013-09
1200,42923,['0'],BOS,SFO,2013-09
271,40941,['0'],SEA,SFO,2013-09
1135,39572,['0'],WAS,SFO,2013-09
2348,37210,['1'],LON,SFO,2013-09
615,28492,['0'],DEN,SFO,2013-09
658,25515,['0'],DFW,SFO,2013-09
150,24254,['0'],SNA,SFO,2013-09
729,22253,['0'],ATL,SFO,2013-09
2661,21981,['1'],TYO,SFO,2013-09
987,21603,['0'],HNL,SFO,2013-09
692,21508,['1'],HKG,SFO,2013-09
1513,20506,['1'],PAR,SFO,2013-09
728,19793,['0'],PHX,SFO,2013-09
1094,19745,['0'],MSP,SFO,2013-09
939,18814,['0'],PHL,SFO,2013-09
1054,16660,['1'],SEL,SFO,2013-09
371,16502,['0'],PDX,SFO,2013-09
986,16438,['1'],FRA,SFO,2013-09
2307,15842,['1'],YTO,SFO,2013-09
533,15544,['1'],YVR,SFO,2013-09
590,14810,['0'],HOU,SFO,2013-09
719,13317,['0'],DTT,SFO,2013-09
410,11812,['0'],AUS,SFO,2013-09
4,11577,['0'],LGB,SFO,2013-09
1073,11160,['1'],TPE,SFO,2013-09
1327,10642,['1'],SHA,SFO,2013-09
236,9802,['0'],MIA,SFO,2013-09
411,9469,['1'],MNL,SFO,2013-09
812,9102,['1'],AMS,SFO,2013-09
393,8916,['0'],FLL,SFO,2013-09
913,8675,['0'],ORL,SFO,2013-09
654,8642,['0'],BWI,SFO,2013-09
594,8360,['0'],SLC,SFO,2013-09
917,8270,['1'],BJS,SFO,2013-09
515,8229,['0'],CLT,SFO,2013-09
579,8199,['1'],MEX,SFO,2013-09
506,7665,['0'],OGG,SFO,2013-09
248,7006,['1'],SJD,SFO,2013-09
513,6945,['0'],RDU,SFO,2013-09
655,6730,['0'],STL,SFO,2013-09
380,6662,['0'],MKE,SFO,2013-09
579,6429,['0'],MSY,SFO,2013-09
606,6375,['0'],PIT,SFO,2013-09
464,6051,['1'],YYC,SFO,2013-09
675,6032,['1'],DXB,SFO,2013-09
459,129907,['1'],DUB,LON,2013-09
1883,116382,['1'],NYC,LON,2013-09
373,115196,['1'],AMS,LON,2013-09
246,99971,['0'],EDI,LON,2013-09
700,87355,['1'],BCN,LON,2013-09
626,86738,['1'],AGP,LON,2013-09
581,83793,['1'],MIL,LON,2013-09
830,83098,['1'],PMI,LON,2013-09
344,75540,['0'],BFS,LON,2013-09
728,72679,['1'],ROM,LON,2013-09
524,71673,['1'],MAD,LON,2013-09
246,69404,['0'],GLA,LON,2013-09
484,66149,['1'],FAO,LON,2013-09
298,65482,['1'],PAR,LON,2013-09
191,63304,['1'],GVA,LON,2013-09
277,58391,['1'],NCE,LON,2013-09
482,57559,['1'],STO,LON,2013-09
399,57494,['1'],ALC,LON,2013-09
360,56737,['1'],BER,LON,2013-09
548,54017,['1'],DXB,LON,2013-09
165,53583,['1'],FRA,LON,2013-09
414,53542,['1'],ZRH,LON,2013-09
324,52362,['1'],CPH,LON,2013-09
750,49471,['1'],IBZ,LON,2013-09
247,48063,['1'],OSL,LON,2013-09
613,43200,['1'],MUC,LON,2013-09
409,41952,['1'],DLM,LON,2013-09
1208,41254,['1'],LAX,LON,2013-09
436,40677,['1'],VCE,LON,2013-09
441,40549,['1'],BUD,LON,2013-09
2113,37799,['1'],SFO,LON,2013-09
137,37667,['1'],DUS,LON,2013-09
823,37333,['1'],HKG,LON,2013-09
274,36654,['1'],LIS,LON,2013-09
117,34807,['1'],PSA,LON,2013-09
586,34695,['1'],IST,LON,2013-09
968,34568,['1'],MOW,LON,2013-09
97,32906,['0'],ABZ,LON,2013-09
412,32507,['1'],TCI,LON,2013-09
516,31651,['1'],PRG,LON,2013-09
1035,30595,['1'],TYO,LON,2013-09
1109,29911,['1'],SIN,LON,2013-09
1142,29496,['1'],TLV,LON,2013-09
409,28928,['1'],ATH,LON,2013-09
1687,28689,['1'],YTO,LON,2013-09
305,27016,['1'],HAM,LON,2013-09
967,26961,['1'],BOS,LON,2013-09
968,26862,['1'],BKK,LON,2013-09
235,25954,['1'],PFO,LON,2013-09
413,25508,['1'],WAW,LON,2013-09
336,118573,['0'],TLS,PAR,2013-09
377,112126,['0'],NCE,PAR,2013-09
661,80063,['1'],BCN,PAR,2013-09
770,76973,['1'],ROM,PAR,2013-09
552,62071,['1'],MAD,PAR,2013-09
341,60956,['1'],LON,PAR,2013-09
307,60722,['0'],MRS,PAR,2013-09
716,60693,['1'],MIL,PAR,2013-09
2044,56626,['1'],NYC,PAR,2013-09
160,55376,['0'],BOD,PAR,2013-09
499,48220,['1'],LIS,PAR,2013-09
256,46704,['1'],ALG,PAR,2013-09
145,44036,['1'],BER,PAR,2013-09
343,40539,['1'],OPO,PAR,2013-09
418,35338,['1'],VCE,PAR,2013-09
1114,34990,['1'],MOW,PAR,2013-09
302,33592,['1'],TUN,PAR,2013-09
753,33391,['1'],YMQ,PAR,2013-09
98,31946,['1'],GVA,PAR,2013-09
1324,31438,['1'],TYO,PAR,2013-09
397,30065,['1'],CAS,PAR,2013-09
334,29663,['1'],RAK,PAR,2013-09
60,29563,['0'],BIQ,PAR,2013-09
860,28328,['1'],TLV,PAR,2013-09
493,27716,['1'],CPH,PAR,2013-09
359,27308,['1'],MUC,PAR,2013-09
100,26509,['0'],AJA,PAR,2013-09
515,24795,['1'],IST,PAR,2013-09
493,24778,['1'],STO,PAR,2013-09
332,24277,['1'],PTP,PAR,2013-09
236,23747,['1'],RUN,PAR,2013-09
278,23075,['1'],AMS,PAR,2013-09
297,23002,['1'],ATH,PAR,2013-09
213,22857,['1'],PRG,PAR,2013-09
205,22461,['1'],DUB,PAR,2013-09
107,22380,['1'],FRA,PAR,2013-09
242,21790,['1'],FDF,PAR,2013-09
607,20568,['1'],VIE,PAR,2013-09
72,20338,['0'],BIA,PAR,2013-09
817,19953,['1'],HKG,PAR,2013-09
1487,19920,['1'],LAX,PAR,2013-09
667,19502,['1'],DXB,PAR,2013-09
109,18392,['0'],MPL,PAR,2013-09
1038,18076,['1'],SFO,PAR,2013-09
311,17175,['1'],BUH,PAR,2013-09
114,17174,['1'],ZRH,PAR,2013-09
26,17105,['0'],TLN,PAR,2013-09
386,16927,['1'],OSL,PAR,2013-09
186,16922,['1'],HAM,PAR,2013-09
996,16586,['1'],BKK,PAR,2013-09
576,59072,['0'],NYC,BOS,2012-09
414,47859,['0'],WAS,BOS,2012-09
1438,41237,['0'],SFO,BOS,2012-09
613,40793,['0'],CHI,BOS,2012-09
1203,36021,['0'],LAX,BOS,2012-09
469,32672,['0'],ORL,BOS,2012-09
273,32349,['0'],ATL,BOS,2012-09
281,27583,['0'],BWI,BOS,2012-09
1202,26920,['1'],LON,BOS,2012-09
267,22954,['0'],FLL,BOS,2012-09
682,21654,['0'],DEN,BOS,2012-09
370,18146,['0'],DFW,BOS,2012-09
608,17284,['1'],YTO,BOS,2012-09
70,17094,['0'],PHL,BOS,2012-09
389,15465,['0'],TPA,BOS,2012-09
408,15117,['0'],CLT,BOS,2012-09
831,14805,['0'],LAS,BOS,2012-09
262,14207,['0'],RDU,BOS,2012-09
685,13910,['0'],MSP,BOS,2012-09
841,13569,['0'],SEA,BOS,2012-09
119,12423,['0'],MIA,BOS,2012-09
229,12149,['0'],PBI,BOS,2012-09
204,11917,['0'],PIT,BOS,2012-09
771,11804,['0'],PHX,BOS,2012-09
602,11709,['0'],SAN,BOS,2012-09
730,11163,['0'],HOU,BOS,2012-09
1073,11123,['1'],PAR,BOS,2012-09
219,10829,['1'],SJU,BOS,2012-09
253,10663,['0'],FMY,BOS,2012-09
485,9120,['0'],DTT,BOS,2012-09
155,8247,['0'],BUF,BOS,2012-09
430,7077,['0'],STL,BOS,2012-09
1321,6950,['1'],TYO,BOS,2012-09
610,6534,['1'],DUB,BOS,2012-09
381,6511,['0'],AUS,BOS,2012-09
733,6388,['0'],PDX,BOS,2012-09
136,6315,['1'],SDQ,BOS,2012-09
112,6081,['1'],YMQ,BOS,2012-09
92,6072,['0'],RIC,BOS,2012-09
158,5925,['0'],JAX,BOS,2012-09
278,5818,['0'],MSY,BOS,2012-09
190,5751,['0'],CVG,BOS,2012-09
469,5658,['0'],SLC,BOS,2012-09
214,5635,['0'],MKE,BOS,2012-09
303,5507,['1'],MEX,BOS,2012-09
86,5492,['0'],LGB,BOS,2012-09
200,5399,['1'],CUN,BOS,2012-09
804,5355,['1'],FRA,BOS,2012-09
677,5336,['1'],AMS,BOS,2012-09
407,4856,['0'],MKC,BOS,2012-09
1724,134387,['0'],NYC,CHI,2012-09
1797,60464,['0'],LAX,CHI,2012-09
671,51742,['0'],WAS,CHI,2012-09
992,50868,['0'],LAS,CHI,2012-09
603,46950,['0'],ORL,CHI,2012-09
451,45908,['0'],ATL,CHI,2012-09
1319,45815,['0'],DEN,CHI,2012-09
922,44313,['0'],MSP,CHI,2012-09
1266,43215,['0'],PHX,CHI,2012-09
556,43140,['0'],BOS,CHI,2012-09
1360,43028,['0'],DFW,CHI,2012-09
1674,38375,['0'],SFO,CHI,2012-09
386,37149,['0'],PHL,CHI,2012-09
1083,31950,['0'],HOU,CHI,2012-09
516,30462,['0'],FLL,CHI,2012-09
321,27635,['0'],TPA,CHI,2012-09
1106,26034,['1'],YTO,CHI,2012-09
408,25328,['0'],BWI,CHI,2012-09
1854,25246,['1'],LON,CHI,2012-09
382,25201,['0'],DTT,CHI,2012-09
965,24387,['0'],SEA,CHI,2012-09
216,24306,['0'],MKC,CHI,2012-09
561,23863,['0'],SAN,CHI,2012-09
263,23558,['0'],STL,CHI,2012-09
432,21353,['0'],MIA,CHI,2012-09
319,20531,['0'],FMY,CHI,2012-09
244,19328,['0'],CLE,CHI,2012-09
303,18853,['0'],BNA,CHI,2012-09
93,18427,['0'],CMH,CHI,2012-09
288,16745,['0'],PIT,CHI,2012-09
420,16362,['0'],RDU,CHI,2012-09
975,15339,['0'],CLT,CHI,2012-09
320,14561,['1'],MEX,CHI,2012-09
504,14068,['0'],SNA,CHI,2012-09
160,13668,['0'],OMA,CHI,2012-09
534,13433,['0'],AUS,CHI,2012-09
265,12395,['0'],HFD,CHI,2012-09
900,12372,['0'],PDX,CHI,2012-09
395,11595,['0'],MSY,CHI,2012-09
1220,11580,['1'],PAR,CHI,2012-09
903,11536,['0'],SLC,CHI,2012-09
547,11223,['0'],SAT,CHI,2012-09
316,10393,['0'],BUF,CHI,2012-09
1861,10017,['1'],TYO,CHI,2012-09
62,9562,['0'],SDF,CHI,2012-09
900,9312,['1'],YMQ,CHI,2012-09
1381,9149,['1'],FRA,CHI,2012-09
316,9055,['1'],CUN,CHI,2012-09
130,8721,['1'],GDL,CHI,2012-09
296,8422,['0'],JAX,CHI,2012-09
1008,100808,['0'],NYC,ATL,2012-09
267,47569,['0'],WAS,ATL,2012-09
541,46564,['0'],CHI,ATL,2012-09
743,39417,['0'],DFW,ATL,2012-09
798,32942,['0'],LAX,ATL,2012-09
256,32466,['0'],BOS,ATL,2012-09
122,31554,['0'],FLL,ATL,2012-09
245,29667,['0'],PHL,ATL,2012-09
365,25267,['0'],BWI,ATL,2012-09
88,24851,['0'],ORL,ATL,2012-09
235,24259,['0'],HOU,ATL,2012-09
746,23428,['0'],DEN,ATL,2012-09
940,22740,['0'],SFO,ATL,2012-09
646,21822,['0'],LAS,ATL,2012-09
81,21112,['0'],MIA,ATL,2012-09
314,19945,['0'],DTT,ATL,2012-09
336,19115,['0'],MSP,ATL,2012-09
113,18661,['0'],TPA,ATL,2012-09
54,16041,['0'],RDU,ATL,2012-09
697,15032,['0'],PHX,ATL,2012-09
709,13793,['0'],SEA,ATL,2012-09
213,12545,['0'],MKC,ATL,2012-09
179,12306,['0'],PIT,ATL,2012-09
108,12301,['0'],CLT,ATL,2012-09
128,12206,['0'],STL,ATL,2012-09
88,12169,['0'],MSY,ATL,2012-09
208,11422,['0'],MKE,ATL,2012-09
68,10899,['0'],RIC,ATL,2012-09
106,10666,['0'],JAX,ATL,2012-09
134,10485,['0'],IND,ATL,2012-09
47,10261,['0'],MEM,ATL,2012-09
33,9588,['0'],PBI,ATL,2012-09
105,9527,['0'],SAT,ATL,2012-09
830,8963,['0'],SLC,ATL,2012-09
716,8766,['0'],SAN,ATL,2012-09
99,8346,['0'],DAY,ATL,2012-09
96,8329,['0'],BUF,ATL,2012-09
25,8285,['0'],HPN,ATL,2012-09
124,7649,['0'],CMH,ATL,2012-09
68,7248,['0'],ORF,ATL,2012-09
141,7018,['0'],AUS,ATL,2012-09
65,6891,['0'],CAK,ATL,2012-09
1225,6628,['1'],LON,ATL,2012-09
26,6586,['0'],PNS,ATL,2012-09
25,6516,['0'],CHS,ATL,2012-09
68,6431,['0'],SDF,ATL,2012-09
40,6329,['0'],FMY,ATL,2012-09
150,6127,['0'],HFD,ATL,2012-09
89,6101,['0'],FNT,ATL,2012-09
11,6080,['0'],SAV,ATL,2012-09
993,74492,['0'],NYC,MIA,2012-09
493,35093,['1'],CCS,MIA,2012-09
934,25903,['1'],BUE,MIA,2012-09
402,20511,['0'],CHI,MIA,2012-09
128,19490,['0'],ATL,MIA,2012-09
259,17636,['0'],WAS,MIA,2012-09
441,17438,['0'],LAX,MIA,2012-09
312,17147,['1'],MEX,MIA,2012-09
1428,15823,['1'],SAO,MIA,2012-09
63,13941,['1'],SJU,MIA,2012-09
1239,13606,['1'],LON,MIA,2012-09
66,13208,['1'],PAP,MIA,2012-09
200,12377,['0'],BOS,MIA,2012-09
436,11677,['1'],YTO,MIA,2012-09
206,10883,['0'],DFW,MIA,2012-09
308,10534,['0'],SFO,MIA,2012-09
113,9868,['0'],PHL,MIA,2012-09
384,9598,['1'],BOG,MIA,2012-09
67,9111,['1'],CUR,MIA,2012-09
192,8782,['1'],PTY,MIA,2012-09
1243,8685,['1'],SCL,MIA,2012-09
906,8558,['1'],LIM,MIA,2012-09
4,8409,['1'],CUN,MIA,2012-09
18,7495,['0'],ORL,MIA,2012-09
313,7454,['0'],MSP,MIA,2012-09
190,7421,['0'],HOU,MIA,2012-09
60,7278,['1'],NAS,MIA,2012-09
39,7195,['1'],SDQ,MIA,2012-09
280,7064,['0'],LAS,MIA,2012-09
986,7060,['1'],PAR,MIA,2012-09
187,6481,['0'],DTT,MIA,2012-09
125,6416,['1'],SJO,MIA,2012-09
144,6287,['0'],BWI,MIA,2012-09
293,6252,['1'],UIO,MIA,2012-09
656,6055,['1'],RIO,MIA,2012-09
385,5951,['1'],YMQ,MIA,2012-09
221,5675,['0'],CLT,MIA,2012-09
487,5450,['0'],DEN,MIA,2012-09
472,5374,['1'],MAD,MIA,2012-09
71,5058,['1'],MGA,MIA,2012-09
96,4949,['1'],SAL,MIA,2012-09
46,4870,['0'],RDU,MIA,2012-09
33,4798,['1'],GCM,MIA,2012-09
445,4657,['0'],SEA,MIA,2012-09
99,4622,['1'],AUA,MIA,2012-09
42,4486,['0'],TPA,MIA,2012-09
155,4380,['0'],STL,MIA,2012-09
87,4362,['1'],PUJ,MIA,2012-09
82,4228,['1'],POS,MIA,2012-09
88,4209,['1'],MAO,MIA,2012-09
4106,112638,['0'],NYC,SFO,2012-09
907,79390,['0'],LAX,SFO,2012-09
357,46962,['0'],SAN,SFO,2012-09
1098,44963,['0'],LAS,SFO,2012-09
1111,41981,['0'],CHI,SFO,2012-09
1373,40714,['0'],BOS,SFO,2012-09
1368,39392,['0'],WAS,SFO,2012-09
300,37009,['0'],SEA,SFO,2012-09
3367,33716,['1'],LON,SFO,2012-09
902,28095,['0'],DEN,SFO,2012-09
993,22564,['0'],ATL,SFO,2012-09
859,22392,['0'],HNL,SFO,2012-09
653,22300,['0'],DFW,SFO,2012-09
4068,21837,['1'],TYO,SFO,2012-09
115,21578,['0'],SNA,SFO,2012-09
824,20073,['0'],PHX,SFO,2012-09
1037,19262,['0'],MSP,SFO,2012-09
843,17010,['0'],PHL,SFO,2012-09
852,16621,['1'],HKG,SFO,2012-09
2065,16063,['1'],PAR,SFO,2012-09
1578,15702,['1'],FRA,SFO,2012-09
825,14623,['1'],SEL,SFO,2012-09
222,14442,['0'],PDX,SFO,2012-09
796,14210,['0'],HOU,SFO,2012-09
1580,14147,['1'],YTO,SFO,2012-09
876,12906,['0'],DTT,SFO,2012-09
894,12706,['1'],YVR,SFO,2012-09
4,11604,['0'],LGB,SFO,2012-09
550,10741,['0'],MIA,SFO,2012-09
407,10301,['0'],AUS,SFO,2012-09
581,9331,['0'],OGG,SFO,2012-09
1082,9237,['1'],TPE,SFO,2012-09
532,9057,['0'],FLL,SFO,2012-09
1027,8968,['0'],ORL,SFO,2012-09
555,8433,['0'],CLT,SFO,2012-09
743,8403,['0'],SLC,SFO,2012-09
1036,7987,['1'],AMS,SFO,2012-09
762,7955,['0'],BWI,SFO,2012-09
1495,7743,['1'],SHA,SFO,2012-09
1112,7435,['1'],BJS,SFO,2012-09
670,7311,['1'],MEX,SFO,2012-09
640,6821,['0'],RDU,SFO,2012-09
567,6535,['0'],CLE,SFO,2012-09
671,6507,['0'],STL,SFO,2012-09
293,6464,['1'],SJD,SFO,2012-09
525,6434,['0'],PIT,SFO,2012-09
409,6350,['0'],MKE,SFO,2012-09
543,5845,['0'],TPA,SFO,2012-09
465,5791,['1'],MNL,SFO,2012-09
1639,5729,['1'],MUC,SFO,2012-09
1436,125087,['1'],DUB,LON,2012-09
629,112363,['1'],AMS,LON,2012-09
1944,106702,['1'],NYC,LON,2012-09
581,99826,['0'],EDI,LON,2012-09
582,83034,['1'],AGP,LON,2012-09
974,83018,['1'],PMI,LON,2012-09
987,79824,['1'],MIL,LON,2012-09
595,78581,['1'],BCN,LON,2012-09
430,74943,['1'],MAD,LON,2012-09
583,72541,['1'],ROM,LON,2012-09
376,66444,['0'],GLA,LON,2012-09
322,65771,['1'],GVA,LON,2012-09
365,63973,['1'],PAR,LON,2012-09
587,63697,['1'],FAO,LON,2012-09
379,61369,['0'],BFS,LON,2012-09
779,60505,['1'],DXB,LON,2012-09
414,59522,['1'],STO,LON,2012-09
351,59114,['1'],ALC,LON,2012-09
426,56084,['1'],NCE,LON,2012-09
654,53091,['1'],MUC,LON,2012-09
333,51745,['1'],FRA,LON,2012-09
511,51146,['1'],CPH,LON,2012-09
456,50306,['1'],ZRH,LON,2012-09
792,50024,['1'],BER,LON,2012-09
532,46552,['1'],IBZ,LON,2012-09
423,45045,['1'],DLM,LON,2012-09
367,44629,['1'],OSL,LON,2012-09
699,42011,['1'],HKG,LON,2012-09
1436,40804,['1'],LAX,LON,2012-09
252,37854,['1'],LIS,LON,2012-09
560,36281,['1'],VCE,LON,2012-09
151,35235,['1'],PSA,LON,2012-09
466,34438,['1'],LCA,LON,2012-09
386,34235,['1'],BUD,LON,2012-09
161,34155,['1'],DUS,LON,2012-09
438,33548,['1'],TCI,LON,2012-09
965,33529,['1'],SIN,LON,2012-09
429,33078,['1'],IST,LON,2012-09
2785,32915,['1'],SFO,LON,2012-09
420,32678,['0'],ABZ,LON,2012-09
347,32145,['1'],ATH,LON,2012-09
22,31493,['1'],WMI,LON,2012-09
939,30189,['1'],MOW,LON,2012-09
431,29672,['1'],PRG,LON,2012-09
549,29426,['1'],BOS,LON,2012-09
401,29424,['1'],NAP,LON,2012-09
1055,28500,['1'],TYO,LON,2012-09
253,28005,['1'],PFO,LON,2012-09
230,27970,['1'],HAM,LON,2012-09
1373,27925,['1'],YTO,LON,2012-09
397,116331,['0'],TLS,PAR,2012-09
174,103428,['0'],NCE,PAR,2012-09
367,76351,['1'],BCN,PAR,2012-09
550,72585,['1'],ROM,PAR,2012-09
582,70677,['1'],MAD,PAR,2012-09
504,63971,['1'],MIL,PAR,2012-09
631,60573,['1'],LON,PAR,2012-09
195,52647,['0'],MRS,PAR,2012-09
95,50570,['0'],BOD,PAR,2012-09
2148,44300,['1'],NYC,PAR,2012-09
395,43783,['1'],BER,PAR,2012-09
240,41469,['1'],LIS,PAR,2012-09
178,40744,['1'],ALG,PAR,2012-09
232,38580,['1'],OPO,PAR,2012-09
457,36407,['1'],VCE,PAR,2012-09
546,33404,['1'],YMQ,PAR,2012-09
1122,31397,['1'],MOW,PAR,2012-09
1282,30225,['1'],TYO,PAR,2012-09
243,30024,['1'],GVA,PAR,2012-09
353,29958,['1'],TUN,PAR,2012-09
285,29427,['1'],RAK,PAR,2012-09
532,28158,['1'],CPH,PAR,2012-09
64,27841,['0'],BIQ,PAR,2012-09
470,27782,['1'],MUC,PAR,2012-09
338,26924,['1'],FDF,PAR,2012-09
216,26642,['1'],CAS,PAR,2012-09
58,26577,['0'],AJA,PAR,2012-09
283,25557,['1'],ATH,PAR,2012-09
485,25326,['1'],VIE,PAR,2012-09
931,23887,['1'],TLV,PAR,2012-09
252,23872,['1'],DUB,PAR,2012-09
210,23684,['1'],PRG,PAR,2012-09
453,23579,['1'],IST,PAR,2012-09
325,23485,['1'],PTP,PAR,2012-09
402,22709,['1'],STO,PAR,2012-09
96,22059,['1'],FRA,PAR,2012-09
179,21440,['1'],RUN,PAR,2012-09
209,20383,['1'],ZRH,PAR,2012-09
82,20327,['0'],MPL,PAR,2012-09
223,20215,['1'],AMS,PAR,2012-09
1524,19328,['1'],LAX,PAR,2012-09
36,19168,['0'],BIA,PAR,2012-09
335,18413,['1'],OSL,PAR,2012-09
139,18334,['1'],AGP,PAR,2012-09
465,16891,['1'],BUD,PAR,2012-09
693,16863,['1'],HKG,PAR,2012-09
116,16757,['1'],DUS,PAR,2012-09
141,16685,['1'],SVQ,PAR,2012-09
134,16618,['1'],VLC,PAR,2012-09
26,16608,['0'],TLN,PAR,2012-09
757,62604,['0'],NYC,BOS,2011-09
425,52234,['0'],WAS,BOS,2011-09
1556,41531,['0'],SFO,BOS,2011-09
818,40645,['0'],CHI,BOS,2011-09
642,33110,['0'],ORL,BOS,2011-09
1752,32164,['0'],LAX,BOS,2011-09
491,31222,['0'],ATL,BOS,2011-09
453,27792,['0'],BWI,BOS,2011-09
327,23389,['0'],FLL,BOS,2011-09
1306,22799,['1'],LON,BOS,2011-09
1117,19908,['0'],DFW,BOS,2011-09
375,19828,['0'],PHL,BOS,2011-09
1079,19711,['0'],DEN,BOS,2011-09
394,15940,['1'],YTO,BOS,2011-09
978,15488,['0'],LAS,BOS,2011-09
399,15335,['0'],TPA,BOS,2011-09
752,14401,['0'],MSP,BOS,2011-09
480,14380,['0'],CLT,BOS,2011-09
369,14087,['0'],RDU,BOS,2011-09
1218,13903,['0'],SEA,BOS,2011-09
209,12948,['0'],PBI,BOS,2011-09
823,12789,['0'],PHX,BOS,2011-09
226,12756,['0'],MIA,BOS,2011-09
248,12566,['0'],FMY,BOS,2011-09
262,12418,['0'],PIT,BOS,2011-09
765,12251,['0'],SAN,BOS,2011-09
837,11596,['0'],HOU,BOS,2011-09
877,9821,['0'],DTT,BOS,2011-09
240,9768,['1'],SJU,BOS,2011-09
158,9224,['0'],BUF,BOS,2011-09
1040,8626,['1'],PAR,BOS,2011-09
162,8324,['0'],MKE,BOS,2011-09
600,7309,['0'],STL,BOS,2011-09
405,6700,['0'],AUS,BOS,2011-09
53,6406,['0'],LGB,BOS,2011-09
224,6324,['0'],RIC,BOS,2011-09
244,5932,['0'],JAX,BOS,2011-09
674,5792,['0'],PDX,BOS,2011-09
287,5706,['0'],CVG,BOS,2011-09
573,5546,['0'],MKC,BOS,2011-09
412,5537,['0'],MSY,BOS,2011-09
666,5525,['1'],DUB,BOS,2011-09
685,5476,['0'],SLC,BOS,2011-09
475,5035,['0'],CLE,BOS,2011-09
86,4954,['0'],MYR,BOS,2011-09
233,4918,['1'],CUN,BOS,2011-09
344,4881,['1'],MEX,BOS,2011-09
720,4878,['0'],IND,BOS,2011-09
879,4657,['1'],ROM,BOS,2011-09
859,4629,['1'],FRA,BOS,2011-09
1896,125994,['0'],NYC,CHI,2011-09
1215,56527,['0'],LAX,CHI,2011-09
1046,51204,['0'],WAS,CHI,2011-09
1871,50992,['0'],LAS,CHI,2011-09
566,46031,['0'],ATL,CHI,2011-09
566,46011,['0'],ORL,CHI,2011-09
1911,44802,['0'],PHX,CHI,2011-09
942,44057,['0'],MSP,CHI,2011-09
865,42626,['0'],DFW,CHI,2011-09
1362,42497,['0'],DEN,CHI,2011-09
780,41575,['0'],BOS,CHI,2011-09
949,41204,['0'],SFO,CHI,2011-09
520,38183,['0'],PHL,CHI,2011-09
1249,31808,['0'],HOU,CHI,2011-09
526,29029,['0'],FLL,CHI,2011-09
381,26757,['0'],BWI,CHI,2011-09
638,26621,['0'],TPA,CHI,2011-09
438,26175,['0'],MKC,CHI,2011-09
647,26120,['0'],DTT,CHI,2011-09
251,25081,['0'],STL,CHI,2011-09
1151,23907,['0'],SEA,CHI,2011-09
772,22959,['1'],YTO,CHI,2011-09
517,22933,['0'],SAN,CHI,2011-09
725,21726,['0'],MIA,CHI,2011-09
206,20940,['0'],CLE,CHI,2011-09
240,19810,['0'],BNA,CHI,2011-09
414,19244,['0'],CMH,CHI,2011-09
2229,18940,['1'],LON,CHI,2011-09
312,18375,['0'],FMY,CHI,2011-09
498,17589,['0'],PIT,CHI,2011-09
479,16392,['0'],RDU,CHI,2011-09
482,14146,['0'],SNA,CHI,2011-09
139,13895,['0'],OMA,CHI,2011-09
1030,13824,['0'],CLT,CHI,2011-09
1269,13522,['1'],PAR,CHI,2011-09
377,12756,['0'],AUS,CHI,2011-09
332,12701,['0'],HFD,CHI,2011-09
362,11704,['0'],MSY,CHI,2011-09
483,11590,['0'],SLC,CHI,2011-09
766,11521,['0'],PDX,CHI,2011-09
314,11469,['1'],MEX,CHI,2011-09
406,11167,['0'],SAT,CHI,2011-09
190,11002,['0'],BUF,CHI,2011-09
266,10134,['1'],GDL,CHI,2011-09
538,10000,['1'],CUN,CHI,2011-09
123,9899,['0'],SDF,CHI,2011-09
940,9849,['1'],DUB,CHI,2011-09
1474,8808,['1'],TYO,CHI,2011-09
361,8780,['1'],SJU,CHI,2011-09
498,8681,['0'],JAX,CHI,2011-09
1739,89544,['0'],NYC,ATL,2011-09
302,46944,['0'],WAS,ATL,2011-09
813,44678,['0'],CHI,ATL,2011-09
362,39056,['0'],DFW,ATL,2011-09
617,31390,['0'],BOS,ATL,2011-09
111,30829,['0'],FLL,ATL,2011-09
413,29536,['0'],PHL,ATL,2011-09
760,28815,['0'],LAX,ATL,2011-09
117,24432,['0'],BWI,ATL,2011-09
260,22842,['0'],HOU,ATL,2011-09
216,22505,['0'],ORL,ATL,2011-09
943,21414,['0'],LAS,ATL,2011-09
109,20870,['0'],MIA,ATL,2011-09
610,20534,['0'],DEN,ATL,2011-09
791,20016,['0'],SFO,ATL,2011-09
452,18397,['0'],DTT,ATL,2011-09
625,18134,['0'],MSP,ATL,2011-09
116,17823,['0'],TPA,ATL,2011-09
604,16252,['0'],PHX,ATL,2011-09
97,15392,['0'],RDU,ATL,2011-09
737,12685,['0'],SEA,ATL,2011-09
204,11775,['0'],MKC,ATL,2011-09
235,11653,['0'],STL,ATL,2011-09
113,11604,['0'],MSY,ATL,2011-09
240,11600,['0'],PIT,ATL,2011-09
108,11446,['0'],CLT,ATL,2011-09
208,11151,['0'],MKE,ATL,2011-09
61,10573,['0'],JAX,ATL,2011-09
102,10219,['0'],RIC,ATL,2011-09
105,10070,['0'],MEM,ATL,2011-09
141,9696,['0'],IND,ATL,2011-09
99,9314,['0'],PBI,ATL,2011-09
1047,9046,['0'],SLC,ATL,2011-09
234,8984,['0'],SAT,ATL,2011-09
116,8508,['0'],HPN,ATL,2011-09
863,8301,['0'],SAN,ATL,2011-09
127,7612,['0'],BUF,ATL,2011-09
114,7596,['0'],DAY,ATL,2011-09
148,7500,['0'],CMH,ATL,2011-09
57,7496,['0'],PHF,ATL,2011-09
1214,7196,['1'],LON,ATL,2011-09
114,6439,['1'],SJU,ATL,2011-09
68,6295,['0'],FMY,ATL,2011-09
326,6194,['0'],AUS,ATL,2011-09
109,6124,['0'],CAK,ATL,2011-09
11,5967,['0'],CHS,ATL,2011-09
270,5743,['0'],CLE,ATL,2011-09
40,5739,['0'],PNS,ATL,2011-09
65,5628,['0'],FNT,ATL,2011-09
327,5581,['0'],HFD,ATL,2011-09
1672,71833,['0'],NYC,MIA,2011-09
938,33286,['1'],CCS,MIA,2011-09
1213,22492,['1'],BUE,MIA,2011-09
439,21179,['0'],WAS,MIA,2011-09
837,21068,['0'],CHI,MIA,2011-09
89,20098,['0'],ATL,MIA,2011-09
608,18183,['0'],LAX,MIA,2011-09
2019,14528,['1'],SAO,MIA,2011-09
427,13226,['0'],BOS,MIA,2011-09
1512,13197,['1'],LON,MIA,2011-09
189,11583,['1'],MEX,MIA,2011-09
386,11121,['0'],HOU,MIA,2011-09
383,10679,['0'],PHL,MIA,2011-09
1049,10374,['1'],PAR,MIA,2011-09
453,10307,['0'],SFO,MIA,2011-09
411,10251,['0'],DFW,MIA,2011-09
32,9657,['1'],SJU,MIA,2011-09
66,9201,['1'],PAP,MIA,2011-09
588,9048,['1'],LIM,MIA,2011-09
140,8022,['0'],ORL,MIA,2011-09
26,7744,['1'],CUN,MIA,2011-09
88,7438,['1'],PTY,MIA,2011-09
343,7365,['0'],MSP,MIA,2011-09
337,7058,['0'],LAS,MIA,2011-09
61,6835,['1'],NAS,MIA,2011-09
82,6688,['0'],BWI,MIA,2011-09
353,6649,['1'],BOG,MIA,2011-09
95,6362,['1'],SJO,MIA,2011-09
352,6336,['0'],CLT,MIA,2011-09
532,6327,['1'],YTO,MIA,2011-09
141,6273,['0'],DTT,MIA,2011-09
18,6131,['1'],SDQ,MIA,2011-09
74,5751,['1'],MGA,MIA,2011-09
33,5666,['1'],CUR,MIA,2011-09
641,5524,['1'],MAD,MIA,2011-09
92,5516,['0'],TPA,MIA,2011-09
363,5209,['0'],DEN,MIA,2011-09
70,5182,['0'],RDU,MIA,2011-09
947,4957,['1'],SCL,MIA,2011-09
254,4898,['1'],GYE,MIA,2011-09
303,4861,['1'],UIO,MIA,2011-09
1028,4622,['1'],ROM,MIA,2011-09
181,4583,['0'],STL,MIA,2011-09
609,4539,['1'],FRA,MIA,2011-09
511,4492,['0'],SEA,MIA,2011-09
65,4413,['1'],MAO,MIA,2011-09
79,4350,['1'],SAL,MIA,2011-09
513,4312,['1'],RIO,MIA,2011-09
54,4236,['1'],AUA,MIA,2011-09
11,4149,['1'],BZE,MIA,2011-09
4337,101530,['0'],NYC,SFO,2011-09
1169,69053,['0'],LAX,SFO,2011-09
1277,46999,['0'],LAS,SFO,2011-09
454,45104,['0'],SAN,SFO,2011-09
1569,42336,['0'],BOS,SFO,2011-09
1446,40498,['0'],CHI,SFO,2011-09
2039,35603,['0'],WAS,SFO,2011-09
579,34630,['0'],SEA,SFO,2011-09
968,25798,['0'],DEN,SFO,2011-09
3683,25060,['1'],LON,SFO,2011-09
1791,21722,['0'],HNL,SFO,2011-09
1067,20220,['0'],ATL,SFO,2011-09
308,19952,['0'],SNA,SFO,2011-09
738,19921,['0'],DFW,SFO,2011-09
708,19390,['0'],PHX,SFO,2011-09
1304,17268,['0'],MSP,SFO,2011-09
3134,17208,['1'],TYO,SFO,2011-09
1680,15797,['0'],PHL,SFO,2011-09
2422,14400,['1'],YTO,SFO,2011-09
744,14209,['1'],HKG,SFO,2011-09
2338,14049,['1'],PAR,SFO,2011-09
614,13558,['0'],PDX,SFO,2011-09
1118,13118,['0'],HOU,SFO,2011-09
1851,12918,['1'],FRA,SFO,2011-09
1246,12310,['1'],YVR,SFO,2011-09
2169,11356,['0'],DTT,SFO,2011-09
782,10811,['0'],MIA,SFO,2011-09
4,10755,['0'],LGB,SFO,2011-09
776,10719,['1'],SEL,SFO,2011-09
1341,9741,['1'],TPE,SFO,2011-09
652,9142,['0'],OGG,SFO,2011-09
568,8903,['0'],AUS,SFO,2011-09
690,8334,['0'],SLC,SFO,2011-09
1558,8161,['1'],SHA,SFO,2011-09
1123,8132,['0'],ORL,SFO,2011-09
593,7807,['1'],MEX,SFO,2011-09
903,7758,['0'],CLT,SFO,2011-09
633,7742,['0'],FLL,SFO,2011-09
987,7484,['0'],BWI,SFO,2011-09
761,7455,['1'],MNL,SFO,2011-09
377,7010,['1'],SJD,SFO,2011-09
828,6815,['1'],AMS,SFO,2011-09
509,6686,['0'],MKE,SFO,2011-09
996,6462,['0'],STL,SFO,2011-09
324,6348,['1'],YYC,SFO,2011-09
723,6256,['1'],BJS,SFO,2011-09
850,5795,['0'],PIT,SFO,2011-09
1097,5620,['1'],MUC,SFO,2011-09
968,5561,['0'],CLE,SFO,2011-09
